model,zone,load_area,mae,rmse,mape,bias,n
Persistence,DEOK,DEOK,251.86625163398693,317.56705929030306,7.365912731251228,-46.925895424836604,612.0
Persistence,EKPC,EKPC,136.18883791469193,183.3746120342685,10.164583910838477,23.474267298578198,1055.0
Persistence,AP,AP,317.37973390224977,438.56034858907765,6.196862601389711,-15.917871993793641,1289.0
Persistence,ATSI,OE,369.67717843289375,556.08390403061,5.579867058887795,-20.26731031807603,1289.0
Persistence,ATSI,PAPWR,46.45114429790535,59.4078144815283,9.083059677041133,-2.0393134212567885,1289.0
Persistence,OVEC,OVEC,6.633410672853828,9.050472891038941,18.74930860341035,0.31167826759474093,1293.0
Persistence,AEP,AEPAPT,221.2519102760736,298.6025401067294,5.9226947499649185,8.133082055214723,1304.0
Persistence,AEP,AEPIMP,177.7814171779141,245.01468606282506,5.433532609909538,8.15690490797546,1304.0
Persistence,AEP,AEPKPT,29.021933282208586,40.54907031694132,5.167405585318666,0.06341180981595063,1304.0
Persistence,AEP,AEPOPT,332.90890950920243,483.6496549151667,4.192056529279509,5.885900306748465,1304.0
Persistence,CE,CE,688.0178190184049,986.4608692155368,7.142433879658343,12.682670245398766,1304.0
OLS,DEOK,DEOK,229.5375731199614,284.5663601093749,6.735707371140872,-19.15899128782464,612.0
OLS,EKPC,EKPC,177.87620164597035,227.9824963906898,13.655378585603643,124.14433731832872,1055.0
OLS,AP,AP,310.9275310337712,402.94753240436137,6.274492063556801,162.81344172336497,1289.0
OLS,ATSI,OE,350.5328908568995,485.0566208119723,5.434172737075148,152.9198445375428,1289.0
OLS,ATSI,PAPWR,92.50681492814682,122.82643694854691,18.47485472612405,50.08689358980159,1289.0
OLS,OVEC,OVEC,95.5403882673112,129.65701549069186,277.14066640375137,43.4853557755725,1293.0
OLS,AEP,AEPAPT,235.8735605984335,294.06582171156447,6.517798118096366,147.61928471617577,1304.0
OLS,AEP,AEPIMP,157.53231320902566,210.8615479863138,4.898236038402532,63.91221430252838,1304.0
OLS,AEP,AEPKPT,91.14094144550774,124.75193814178199,16.821577748627924,48.14772167098122,1304.0
OLS,AEP,AEPOPT,306.3811153256222,424.0436282934408,3.88942052655481,100.82365082507003,1304.0
OLS,CE,CE,678.9283217619334,916.3010622004349,7.2251794156716915,282.130883861588,1304.0
Neural Network,DEOK,DEOK,259.4480099371541,318.63393605466325,7.768456616299753,109.14202790564525,612.0
Neural Network,EKPC,EKPC,158.5197592723161,207.57721913090995,12.136624173225824,103.80952267781858,1055.0
Neural Network,AP,AP,316.42985955308535,417.6433160380578,6.349160979089767,206.20691660335837,1289.0
Neural Network,ATSI,OE,330.71936956449724,482.412991930801,5.051590772537126,185.00935196367817,1289.0
Neural Network,ATSI,PAPWR,38.42955464671828,48.96487151601322,7.5407308578169685,-2.2410400576690837,1289.0
Neural Network,OVEC,OVEC,8.471541314313423,11.0018563401233,24.68032039082788,1.1451016991446203,1293.0
Neural Network,AEP,AEPAPT,254.03862455011136,310.8017837220813,6.988559274829555,183.18229327499793,1304.0
Neural Network,AEP,AEPIMP,134.4741660583872,190.01101339236888,4.118601148682207,27.579514298789757,1304.0
Neural Network,AEP,AEPKPT,33.87787285575894,44.90423321378196,6.16425454190848,6.426760789244774,1304.0
Neural Network,AEP,AEPOPT,291.6737566778694,426.1665006907655,3.6787353482533383,105.80273936193251,1304.0
Neural Network,CE,CE,648.7142356140051,882.8034627658458,6.826301582626147,346.88211038056306,1304.0
Neural Network + Weather,DEOK,DEOK,499.14408407495284,583.0765584079264,14.70337444490253,454.1176248216494,612.0
Neural Network + Weather,EKPC,EKPC,178.47544391290654,227.9123645050861,13.157063611673697,-112.20487421783459,1055.0
Neural Network + Weather,AP,AP,313.1927292103116,417.3340022306901,6.214436283754793,167.39505702147446,1289.0
Neural Network + Weather,ATSI,OE,350.0047806655758,492.5791325728759,5.3171403836857944,168.60734660394508,1289.0
Neural Network + Weather,ATSI,PAPWR,54.64901808061433,71.20853079120927,10.710596098491639,21.374101921483618,1289.0
Neural Network + Weather,OVEC,OVEC,9.286661593207585,11.680367584409598,27.781004734879588,5.063242586457239,1293.0
Neural Network + Weather,AEP,AEPAPT,243.37408118871537,314.8686894326175,6.580764185176369,140.58194403647423,1304.0
Neural Network + Weather,AEP,AEPIMP,179.52854966140143,239.7436182179492,5.478247142995441,64.14725114484177,1304.0
Neural Network + Weather,AEP,AEPKPT,55.55998729998167,76.03848403230234,10.1568988361006,26.865848241106978,1304.0
Neural Network + Weather,AEP,AEPOPT,317.25954350911474,438.0002209748249,4.005404706273528,97.08246744262155,1304.0
Neural Network + Weather,CE,CE,639.5176484269682,895.0365684128337,6.664688642177842,289.92404532867266,1304.0
Ridge,DEOK,DEOK,229.53746003157917,284.56599089030436,6.735705122662708,-19.159620151842848,612.0
Ridge,EKPC,EKPC,177.87568984945716,227.98124397984358,13.65532933522051,124.14284446219004,1055.0
Ridge,AP,AP,310.92772441895335,402.94764884026733,6.274488741593756,162.8097392948484,1289.0
Ridge,ATSI,OE,350.5320597079353,485.05689862868235,5.434155775676162,152.9156956239252,1289.0
Ridge,ATSI,PAPWR,92.5061385142038,122.82578165044819,18.474728168077764,50.08669496574042,1289.0
Ridge,OVEC,OVEC,95.54000352498295,129.65644728627737,277.13978146410733,43.485058251341734,1293.0
Ridge,AEP,AEPAPT,235.87266341363173,294.0649600409208,6.517768230698129,147.61600443913022,1304.0
Ridge,AEP,AEPIMP,157.53135174754533,210.86071427206755,4.898206701504371,63.91116075050599,1304.0
Ridge,AEP,AEPKPT,91.1408537298886,124.75137282129658,16.821555113069923,48.14726211192938,1304.0
Ridge,AEP,AEPOPT,306.3812077263291,424.04428922852424,3.8894191193014427,100.82091488178354,1304.0
Ridge,CE,CE,678.9271483721833,916.3010330460106,7.2251626706544485,282.12354540953163,1304.0
Lasso,DEOK,DEOK,229.3439635862188,284.1558321354399,6.732858121216477,-18.29990249258643,612.0
Lasso,EKPC,EKPC,176.94442622025434,226.36741144378027,13.571060383258999,121.5103821819957,1055.0
Lasso,AP,AP,309.21324591421404,401.42792093562633,6.22873423371023,154.84494143702656,1289.0
Lasso,ATSI,OE,348.6916758973447,484.41261875585803,5.398982036351812,145.27441167033572,1289.0
Lasso,ATSI,PAPWR,91.99661777405771,122.07644088901849,18.38275295996665,49.10319371240016,1289.0
Lasso,OVEC,OVEC,95.23984040887005,129.15633725374278,276.4584437558244,42.877480751214684,1293.0
Lasso,AEP,AEPAPT,232.572013697497,291.22903362415656,6.417867019220543,140.3122946724871,1304.0
Lasso,AEP,AEPIMP,156.76185984920716,210.26910874623815,4.874042276498323,62.48501035695582,1304.0
Lasso,AEP,AEPKPT,90.90715764881514,123.93615027536248,16.777603156298376,46.7853461801109,1304.0
Lasso,AEP,AEPOPT,306.20129569654125,424.31748867917344,3.8838175189068944,96.14602386403898,1304.0
Lasso,CE,CE,675.8562747620805,914.7119647197892,7.1838697342769136,268.6555989678241,1304.0
