target_timestamp_utc,target_timestamp_ept,model,true_zone_load_mw,predicted_zone_load_mw,scheduled_generation_mw,dispatch_cost,oracle_generation_mw,oracle_dispatch_cost,cost_gap,feasible_for_forecast,unmet_forecast_demand_mw,under_generation_mw,over_generation_mw,cheap_base_generation_mw,oracle_cheap_base_generation_mw,mid_cost_generation_mw,oracle_mid_cost_generation_mw,high_cost_generation_mw,oracle_high_cost_generation_mw,peaker_generation_mw,oracle_peaker_generation_mw
2026-04-27 02:00:00,2026-04-26 22:00:00,Persistence,14263.794000000002,14113.195,14113.195,650140.28775,14263.794000000002,662941.2027500002,-12800.915000000154,True,0.0,150.59900000000198,0.0,5784.013549999999,5784.013549999999,5784.013549999999,5784.013549999999,2545.1679000000013,2695.7669000000033,0.0,0.0
2026-04-27 03:00:00,2026-04-26 23:00:00,Persistence,13627.896,13496.41,13496.41,597713.56275,13627.896,608889.8727500001,-11176.310000000056,True,0.0,131.4860000000008,0.0,5784.013549999999,5784.013549999999,5784.013549999999,5784.013549999999,1928.3829000000023,2059.868900000003,0.0,0.0
2026-04-27 04:00:00,2026-04-27 00:00:00,Persistence,13234.52,13069.923,13069.923,561462.1677500001,13234.52,575452.9127500001,-13990.744999999995,True,0.0,164.59699999999975,0.0,5784.013549999999,5784.013549999999,5784.013549999999,5784.013549999999,1501.8959000000032,1666.492900000003,0.0,0.0
2026-04-27 05:00:00,2026-04-27 01:00:00,Persistence,13031.744999999999,12775.065,12775.065,536399.2377500001,13031.744999999999,558217.03775,-21817.79999999993,True,0.0,256.6799999999985,0.0,5784.013549999999,5784.013549999999,5784.013549999999,5784.013549999999,1207.037900000003,1463.7179000000015,0.0,0.0
2026-04-27 06:00:00,2026-04-27 02:00:00,Persistence,12953.631,12541.75,12541.75,516567.46275000006,12953.631,551577.3477500001,-35009.88500000001,True,0.0,411.8809999999994,0.0,5784.013549999999,5784.013549999999,5784.013549999999,5784.013549999999,973.7229000000025,1385.6039000000019,0.0,0.0
2026-04-27 07:00:00,2026-04-27 03:00:00,Persistence,12976.764,12504.298999999999,12504.298999999999,513384.12775,12976.764,553543.65275,-40159.52500000002,True,0.0,472.46500000000015,0.0,5784.013549999999,5784.013549999999,5784.013549999999,5784.013549999999,936.2719000000016,1408.7369000000017,0.0,0.0
2026-04-27 08:00:00,2026-04-27 04:00:00,Persistence,13301.567,12518.961,12518.961,514630.39775,13301.567,581151.90775,-66521.51000000001,True,0.0,782.6059999999998,0.0,5784.013549999999,5784.013549999999,5784.013549999999,5784.013549999999,950.9339000000018,1733.5399000000016,0.0,0.0
2026-04-27 09:00:00,2026-04-27 05:00:00,Persistence,13952.309000000001,12571.56,12571.56,519101.31275000004,13952.309000000001,636464.9777500002,-117363.66500000015,True,0.0,1380.7490000000016,0.0,5784.013549999999,5784.013549999999,5784.013549999999,5784.013549999999,1003.532900000002,2384.2819000000036,0.0,0.0
2026-04-27 10:00:00,2026-04-27 06:00:00,Persistence,14866.458,12892.669,12892.669,546395.57775,14866.458000000002,714167.6427500002,-167772.06500000018,True,0.0,1973.7890000000007,0.0,5784.013549999999,5784.013549999999,5784.013549999999,5784.013549999999,1324.6419000000024,3298.430900000004,0.0,0.0
2026-04-27 11:00:00,2026-04-27 07:00:00,Persistence,15298.25,13150.23,13150.23,568288.26275,15298.25,750869.96275,-182581.69999999995,True,0.0,2148.0200000000004,0.0,5784.013549999999,5784.013549999999,5784.013549999999,5784.013549999999,1582.202900000002,3730.2229000000016,0.0,0.0
2026-04-27 12:00:00,2026-04-27 08:00:00,Persistence,15432.886999999999,13653.842,13653.842,611095.2827500001,15432.886999999999,762314.10775,-151218.82499999984,True,0.0,1779.0449999999983,0.0,5784.013549999999,5784.013549999999,5784.013549999999,5784.013549999999,2085.814900000003,3864.8599000000004,0.0,0.0
2026-04-27 13:00:00,2026-04-27 09:00:00,Persistence,15361.997,14046.891,14046.891,644504.4477499999,15361.997,756288.45775,-111784.01000000001,True,0.0,1315.1059999999998,0.0,5784.013549999999,5784.013549999999,5784.013549999999,5784.013549999999,2478.863900000001,3793.969900000001,0.0,0.0
2026-04-27 14:00:00,2026-04-27 10:00:00,Persistence,15462.869999999999,14117.974,14117.974000000002,650546.5027500002,15462.869999999999,764862.6627499999,-114316.15999999968,True,0.0,1344.895999999997,0.0,5784.013549999999,5784.013549999999,5784.013549999999,5784.013549999999,2549.9469000000036,3894.8429000000006,0.0,0.0
2026-04-27 15:00:00,2026-04-27 11:00:00,Persistence,15456.433,14265.087,14265.087,663051.10775,15456.433,764315.5177500001,-101264.41000000015,True,0.0,1191.3460000000014,0.0,5784.013549999999,5784.013549999999,5784.013549999999,5784.013549999999,2697.059900000001,3888.4059000000025,0.0,0.0
2026-04-27 16:00:00,2026-04-27 12:00:00,Persistence,15530.368,14317.961,14317.961,667545.39775,15530.368000000002,770599.9927500002,-103054.5950000002,True,0.0,1212.407000000001,0.0,5784.013549999999,5784.013549999999,5784.013549999999,5784.013549999999,2749.933900000001,3962.340900000004,0.0,0.0
2026-04-27 17:00:00,2026-04-27 13:00:00,Persistence,15704.380000000001,14240.627,14240.627,660972.0077500001,15704.380000000001,785391.0127500001,-124419.005,True,0.0,1463.7530000000006,0.0,5784.013549999999,5784.013549999999,5784.013549999999,5784.013549999999,2672.599900000002,4136.352900000003,0.0,0.0
2026-04-27 18:00:00,2026-04-27 14:00:00,Persistence,15980.846,14233.061000000002,14233.061000000002,660328.8977500001,15980.846000000001,808890.6227500001,-148561.72499999998,True,0.0,1747.784999999998,0.0,5784.013549999999,5784.013549999999,5784.013549999999,5784.013549999999,2665.033900000003,4412.818900000003,0.0,0.0
2026-04-27 19:00:00,2026-04-27 15:00:00,Persistence,16123.157000000001,14116.719000000001,14116.719000000001,650439.82775,16123.157000000003,820987.0577500003,-170547.2300000002,True,0.0,2006.438,0.0,5784.013549999999,5784.013549999999,5784.013549999999,5784.013549999999,2548.6919000000025,4555.129900000004,0.0,0.0
2026-04-27 20:00:00,2026-04-27 16:00:00,Persistence,16370.73,14358.071,14358.071,670954.74775,16370.73,842030.76275,-171076.015,True,0.0,2012.6589999999997,0.0,5784.013549999999,5784.013549999999,5784.013549999999,5784.013549999999,2790.0439000000015,4802.702900000001,0.0,0.0
2026-04-27 21:00:00,2026-04-27 17:00:00,Persistence,16525.752999999997,14641.332,14641.332000000002,695031.9327500002,16525.752999999997,855207.7177499997,-160175.78499999957,True,0.0,1884.4209999999948,0.0,5784.013549999999,5784.013549999999,5784.013549999999,5784.013549999999,3073.3049000000037,4957.725899999999,0.0,0.0
2026-04-27 22:00:00,2026-04-27 18:00:00,Persistence,16392.093999999997,14707.604,14707.604,700665.05275,16392.093999999997,843846.7027499997,-143181.64999999967,True,0.0,1684.489999999998,0.0,5784.013549999999,5784.013549999999,5784.013549999999,5784.013549999999,3139.576900000001,4824.066899999999,0.0,0.0
2026-04-27 23:00:00,2026-04-27 19:00:00,Persistence,16353.1,14652.224,14652.224000000002,695957.7527500002,16353.100000000002,840532.2127500002,-144574.45999999996,True,0.0,1700.8759999999984,0.0,5784.013549999999,5784.013549999999,5784.013549999999,5784.013549999999,3084.1969000000036,4785.072900000004,0.0,0.0
2026-04-28 00:00:00,2026-04-27 20:00:00,Persistence,16299.65,14925.718,14925.718,719204.7427500001,16299.650000000001,835988.9627500002,-116784.22000000009,True,0.0,1373.9319999999989,0.0,5784.013549999999,5784.013549999999,5784.013549999999,5784.013549999999,3357.6909000000023,4731.622900000003,0.0,0.0
2026-04-28 01:00:00,2026-04-27 21:00:00,Persistence,15854.772,14829.775,14829.775000000001,711049.5877500002,15854.772,798174.3327500001,-87124.74499999988,True,0.0,1024.9969999999994,0.0,5784.013549999999,5784.013549999999,5784.013549999999,5784.013549999999,3261.747900000003,4286.744900000002,0.0,0.0
2026-04-28 02:00:00,2026-04-27 22:00:00,Persistence,15203.157,14263.794000000002,14263.794000000002,662941.2027500002,15203.157,742787.0577499999,-79845.85499999975,True,0.0,939.3629999999976,0.0,5784.013549999999,5784.013549999999,5784.013549999999,5784.013549999999,2695.7669000000033,3635.129900000001,0.0,0.0
2026-04-28 03:00:00,2026-04-27 23:00:00,Persistence,14501.845,13627.896,13627.896,608889.8727500001,14501.845000000001,683175.5377500001,-74285.66500000004,True,0.0,873.9489999999987,0.0,5784.013549999999,5784.013549999999,5784.013549999999,5784.013549999999,2059.868900000003,2933.8179000000027,0.0,0.0
2026-04-28 04:00:00,2026-04-28 00:00:00,Persistence,14030.948,13234.52,13234.52,575452.9127500001,14030.948,643149.29275,-67696.37999999989,True,0.0,796.4279999999999,0.0,5784.013549999999,5784.013549999999,5784.013549999999,5784.013549999999,1666.492900000003,2462.920900000002,0.0,0.0
2026-04-28 05:00:00,2026-04-28 01:00:00,Persistence,13615.033,13031.744999999999,13031.744999999999,558217.03775,13615.033,607796.51775,-49579.47999999998,True,0.0,583.2880000000005,0.0,5784.013549999999,5784.013549999999,5784.013549999999,5784.013549999999,1463.7179000000015,2047.005900000002,0.0,0.0
2026-04-28 06:00:00,2026-04-28 02:00:00,Persistence,13336.379,12953.631,12953.631,551577.3477500001,13336.379,584110.9277500001,-32533.580000000075,True,0.0,382.7480000000014,0.0,5784.013549999999,5784.013549999999,5784.013549999999,5784.013549999999,1385.6039000000019,1768.3519000000033,0.0,0.0
2026-04-28 07:00:00,2026-04-28 03:00:00,Persistence,13300.124,12976.764,12976.764,553543.65275,13300.124,581029.2527500001,-27485.600000000093,True,0.0,323.3600000000006,0.0,5784.013549999999,5784.013549999999,5784.013549999999,5784.013549999999,1408.7369000000017,1732.0969000000023,0.0,0.0
2026-04-28 08:00:00,2026-04-28 04:00:00,Persistence,13400.43,13301.567,13301.567,581151.90775,13400.43,589555.2627500001,-8403.355000000098,True,0.0,98.8630000000012,0.0,5784.013549999999,5784.013549999999,5784.013549999999,5784.013549999999,1733.5399000000016,1832.4029000000028,0.0,0.0
2026-04-28 09:00:00,2026-04-28 05:00:00,Persistence,13919.842,13952.309000000001,13952.309000000001,636464.9777500002,13919.842,633705.2827500001,2759.695000000065,True,0.0,0.0,32.46700000000055,5784.013549999999,5784.013549999999,5784.013549999999,5784.013549999999,2384.2819000000036,2351.814900000003,0.0,0.0
2026-04-28 10:00:00,2026-04-28 06:00:00,Persistence,14891.802,14866.458,14866.458000000002,714167.6427500002,14891.802,716321.88275,-2154.239999999758,True,0.0,25.343999999997322,0.0,5784.013549999999,5784.013549999999,5784.013549999999,5784.013549999999,3298.430900000004,3323.7749000000013,0.0,0.0
2026-04-28 11:00:00,2026-04-28 07:00:00,Persistence,15375.978,15298.25,15298.25,750869.96275,15375.978,757476.84275,-6606.880000000005,True,0.0,77.72799999999916,0.0,5784.013549999999,5784.013549999999,5784.013549999999,5784.013549999999,3730.2229000000016,3807.9509000000007,0.0,0.0
2026-04-28 12:00:00,2026-04-28 08:00:00,Persistence,15424.45,15432.886999999999,15432.886999999999,762314.10775,15424.45,761596.9627500001,717.1449999999022,True,0.0,0.0,8.43699999999808,5784.013549999999,5784.013549999999,5784.013549999999,5784.013549999999,3864.8599000000004,3856.4229000000023,0.0,0.0
2026-04-28 13:00:00,2026-04-28 09:00:00,Persistence,15639.954,15361.997,15361.997,756288.45775,15639.954000000002,779914.8027500001,-23626.345000000205,True,0.0,277.95700000000033,0.0,5784.013549999999,5784.013549999999,5784.013549999999,5784.013549999999,3793.969900000001,4071.926900000003,0.0,0.0
2026-04-28 14:00:00,2026-04-28 10:00:00,Persistence,15719.533,15462.869999999999,15462.869999999999,764862.6627499999,15719.533,786679.0177499999,-21816.35499999998,True,0.0,256.66300000000047,0.0,5784.013549999999,5784.013549999999,5784.013549999999,5784.013549999999,3894.8429000000006,4151.505900000001,0.0,0.0
2026-04-28 15:00:00,2026-04-28 11:00:00,Persistence,15759.292000000001,15456.433,15456.433,764315.5177500001,15759.292000000001,790058.5327500001,-25743.015000000014,True,0.0,302.8590000000004,0.0,5784.013549999999,5784.013549999999,5784.013549999999,5784.013549999999,3888.4059000000025,4191.264900000003,0.0,0.0
2026-04-28 16:00:00,2026-04-28 12:00:00,Persistence,15861.913,15530.368,15530.368000000002,770599.9927500002,15861.913,798781.31775,-28181.324999999837,True,0.0,331.54499999999825,0.0,5784.013549999999,5784.013549999999,5784.013549999999,5784.013549999999,3962.340900000004,4293.885900000002,0.0,0.0
2026-04-28 17:00:00,2026-04-28 13:00:00,Persistence,15899.773000000001,15704.380000000001,15704.380000000001,785391.0127500001,15899.773000000001,801999.41775,-16608.40499999991,True,0.0,195.39300000000003,0.0,5784.013549999999,5784.013549999999,5784.013549999999,5784.013549999999,4136.352900000003,4331.745900000003,0.0,0.0
2026-04-28 18:00:00,2026-04-28 14:00:00,Persistence,15898.18,15980.846,15980.846000000001,808890.6227500001,15898.18,801864.01275,7026.610000000102,True,0.0,0.0,82.66600000000108,5784.013549999999,5784.013549999999,5784.013549999999,5784.013549999999,4412.818900000003,4330.152900000002,0.0,0.0
2026-04-28 19:00:00,2026-04-28 15:00:00,Persistence,15891.098,16123.157000000001,16123.157000000003,820987.0577500003,15891.098000000002,801262.0427500001,19725.01500000013,True,0.0,0.0,232.05900000000292,5784.013549999999,5784.013549999999,5784.013549999999,5784.013549999999,4555.129900000004,4323.070900000003,0.0,0.0
2026-04-28 20:00:00,2026-04-28 16:00:00,Persistence,15956.617999999999,16370.73,16370.73,842030.76275,15956.617999999999,806831.2427499999,35199.520000000135,True,0.0,0.0,414.112000000001,5784.013549999999,5784.013549999999,5784.013549999999,5784.013549999999,4802.702900000001,4388.5909,0.0,0.0
2026-04-28 21:00:00,2026-04-28 17:00:00,Persistence,16172.786,16525.752999999997,16525.752999999997,855207.7177499997,16172.786,825205.52275,30002.194999999716,True,0.0,0.0,352.9669999999969,5784.013549999999,5784.013549999999,5784.013549999999,5784.013549999999,4957.725899999999,4604.758900000002,0.0,0.0
2026-04-28 22:00:00,2026-04-28 18:00:00,Persistence,16221.567,16392.093999999997,16392.093999999997,843846.7027499997,16221.567,829351.90775,14494.794999999693,True,0.0,0.0,170.52699999999822,5784.013549999999,5784.013549999999,5784.013549999999,5784.013549999999,4824.066899999999,4653.539900000001,0.0,0.0
2026-04-28 23:00:00,2026-04-28 19:00:00,Persistence,16070.358,16353.1,16353.100000000002,840532.2127500002,16070.358,816499.14275,24033.07000000018,True,0.0,0.0,282.742000000002,5784.013549999999,5784.013549999999,5784.013549999999,5784.013549999999,4785.072900000004,4502.330900000002,0.0,0.0
2026-04-29 00:00:00,2026-04-28 20:00:00,Persistence,16112.797999999999,16299.65,16299.650000000001,835988.9627500002,16112.797999999999,820106.5427499999,15882.420000000275,True,0.0,0.0,186.8520000000026,5784.013549999999,5784.013549999999,5784.013549999999,5784.013549999999,4731.622900000003,4544.7709,0.0,0.0
2026-04-29 01:00:00,2026-04-28 21:00:00,Persistence,15848.425,15854.772,15854.772,798174.3327500001,15848.425,797634.83775,539.4950000001118,True,0.0,0.0,6.347000000001572,5784.013549999999,5784.013549999999,5784.013549999999,5784.013549999999,4286.744900000002,4280.397900000001,0.0,0.0
2026-04-29 02:00:00,2026-04-28 22:00:00,Persistence,15025.429,15203.157,15203.157,742787.0577499999,15025.429,727680.17775,15106.879999999888,True,0.0,0.0,177.72799999999916,5784.013549999999,5784.013549999999,5784.013549999999,5784.013549999999,3635.129900000001,3457.4019000000017,0.0,0.0
2026-04-29 03:00:00,2026-04-28 23:00:00,Persistence,14225.603,14501.845,14501.845000000001,683175.5377500001,14225.603,659694.96775,23480.57000000018,True,0.0,0.0,276.242000000002,5784.013549999999,5784.013549999999,5784.013549999999,5784.013549999999,2933.8179000000027,2657.5759000000007,0.0,0.0
2026-04-29 04:00:00,2026-04-29 00:00:00,Persistence,13647.458999999999,14030.948,14030.948,643149.29275,13647.458999999999,610552.72775,32596.56500000006,True,0.0,0.0,383.4890000000014,5784.013549999999,5784.013549999999,5784.013549999999,5784.013549999999,2462.920900000002,2079.4319000000014,0.0,0.0
2026-04-29 05:00:00,2026-04-29 01:00:00,Persistence,13315.165,13615.033,13615.033,607796.51775,13315.165,582307.7377500001,25488.77999999991,True,0.0,0.0,299.8679999999986,5784.013549999999,5784.013549999999,5784.013549999999,5784.013549999999,2047.005900000002,1747.1379000000034,0.0,0.0
2026-04-29 06:00:00,2026-04-29 02:00:00,Persistence,13113.658,13336.379,13336.379,584110.9277500001,13113.658,565179.64275,18931.28500000015,True,0.0,0.0,222.72100000000137,5784.013549999999,5784.013549999999,5784.013549999999,5784.013549999999,1768.3519000000033,1545.630900000002,0.0,0.0
2026-04-29 07:00:00,2026-04-29 03:00:00,Persistence,13058.27,13300.124,13300.124,581029.2527500001,13058.27,560471.6627500001,20557.589999999967,True,0.0,0.0,241.85399999999936,5784.013549999999,5784.013549999999,5784.013549999999,5784.013549999999,1732.0969000000023,1490.242900000003,0.0,0.0
2026-04-29 08:00:00,2026-04-29 04:00:00,Persistence,13296.514,13400.43,13400.43,589555.2627500001,13296.514,580722.40275,8832.860000000102,True,0.0,0.0,103.91600000000108,5784.013549999999,5784.013549999999,5784.013549999999,5784.013549999999,1832.4029000000028,1728.4869000000017,0.0,0.0
2026-04-29 09:00:00,2026-04-29 05:00:00,Persistence,13746.627,13919.842,13919.842,633705.2827500001,13746.627,618982.0077500001,14723.275000000023,True,0.0,0.0,173.21500000000015,5784.013549999999,5784.013549999999,5784.013549999999,5784.013549999999,2351.814900000003,2178.599900000003,0.0,0.0
2026-04-29 10:00:00,2026-04-29 06:00:00,Persistence,14594.301,14891.802,14891.802,716321.88275,14594.301,691034.2977499999,25287.58500000008,True,0.0,0.0,297.5010000000002,5784.013549999999,5784.013549999999,5784.013549999999,5784.013549999999,3323.7749000000013,3026.273900000001,0.0,0.0
2026-04-29 11:00:00,2026-04-29 07:00:00,Persistence,15097.636999999999,15375.978,15375.978,757476.84275,15097.636999999999,733817.85775,23658.984999999986,True,0.0,0.0,278.34100000000035,5784.013549999999,5784.013549999999,5784.013549999999,5784.013549999999,3807.9509000000007,3529.6099000000004,0.0,0.0
2026-04-29 12:00:00,2026-04-29 08:00:00,Persistence,15358.349,15424.45,15424.45,761596.9627500001,15358.349000000002,755978.3777500002,5618.584999999846,True,0.0,0.0,66.10100000000057,5784.013549999999,5784.013549999999,5784.013549999999,5784.013549999999,3856.4229000000023,3790.3219000000036,0.0,0.0
2026-04-29 13:00:00,2026-04-29 09:00:00,Persistence,15508.0,15639.954,15639.954000000002,779914.8027500001,15508.0,768698.71275,11216.0900000002,True,0.0,0.0,131.95400000000154,5784.013549999999,5784.013549999999,5784.013549999999,5784.013549999999,4071.926900000003,3939.9729000000016,0.0,0.0
2026-04-29 14:00:00,2026-04-29 10:00:00,Persistence,15780.84,15719.533,15719.533,786679.0177499999,15780.84,791890.1127500001,-5211.095000000205,True,0.0,61.3070000000007,0.0,5784.013549999999,5784.013549999999,5784.013549999999,5784.013549999999,4151.505900000001,4212.812900000002,0.0,0.0
2026-04-29 15:00:00,2026-04-29 11:00:00,Persistence,15866.213,15759.292000000001,15759.292000000001,790058.5327500001,15866.213,799146.8177499999,-9088.2849999998,True,0.0,106.92099999999846,0.0,5784.013549999999,5784.013549999999,5784.013549999999,5784.013549999999,4191.264900000003,4298.185900000001,0.0,0.0
2026-04-29 16:00:00,2026-04-29 12:00:00,Persistence,15878.939999999999,15861.913,15861.913,798781.31775,15878.939999999999,800228.6127499999,-1447.294999999809,True,0.0,17.026999999998225,0.0,5784.013549999999,5784.013549999999,5784.013549999999,5784.013549999999,4293.885900000002,4310.9129,0.0,0.0
2026-04-29 17:00:00,2026-04-29 13:00:00,Persistence,15867.851999999999,15899.773000000001,15899.773000000001,801999.41775,15867.851999999999,799286.1327499999,2713.285000000149,True,0.0,0.0,31.921000000002095,5784.013549999999,5784.013549999999,5784.013549999999,5784.013549999999,4331.745900000003,4299.8249000000005,0.0,0.0
2026-04-29 18:00:00,2026-04-29 14:00:00,Persistence,15873.892,15898.18,15898.18,801864.01275,15873.892,799799.53275,2064.4799999999814,True,0.0,0.0,24.288000000000466,5784.013549999999,5784.013549999999,5784.013549999999,5784.013549999999,4330.152900000002,4305.864900000001,0.0,0.0
2026-04-29 19:00:00,2026-04-29 15:00:00,Persistence,15749.343,15891.098,15891.098000000002,801262.0427500001,15749.343,789212.8677500001,12049.175000000047,True,0.0,0.0,141.75500000000102,5784.013549999999,5784.013549999999,5784.013549999999,5784.013549999999,4323.070900000003,4181.315900000002,0.0,0.0
2026-04-29 20:00:00,2026-04-29 16:00:00,Persistence,15699.368999999999,15956.617999999999,15956.617999999999,806831.2427499999,15699.368999999999,784965.0777499999,21866.16499999992,True,0.0,0.0,257.2489999999998,5784.013549999999,5784.013549999999,5784.013549999999,5784.013549999999,4388.5909,4131.3419,0.0,0.0
2026-04-29 21:00:00,2026-04-29 17:00:00,Persistence,15695.201000000001,16172.786,16172.786,825205.52275,15695.201000000001,784610.7977500001,40594.72499999986,True,0.0,0.0,477.5849999999991,5784.013549999999,5784.013549999999,5784.013549999999,5784.013549999999,4604.758900000002,4127.1739000000025,0.0,0.0
2026-04-29 22:00:00,2026-04-29 18:00:00,Persistence,15668.059000000001,16221.567,16221.567,829351.90775,15668.059000000001,782303.7277500001,47048.179999999935,True,0.0,0.0,553.507999999998,5784.013549999999,5784.013549999999,5784.013549999999,5784.013549999999,4653.539900000001,4100.031900000003,0.0,0.0
2026-04-29 23:00:00,2026-04-29 19:00:00,Persistence,15582.511999999999,16070.358,16070.358,816499.14275,15582.511999999999,775032.23275,41466.91000000003,True,0.0,0.0,487.84600000000137,5784.013549999999,5784.013549999999,5784.013549999999,5784.013549999999,4502.330900000002,4014.4849000000004,0.0,0.0
2026-04-30 00:00:00,2026-04-29 20:00:00,Persistence,15665.467,16112.797999999999,16112.797999999999,820106.5427499999,15665.467,782083.40775,38023.13499999989,True,0.0,0.0,447.3309999999983,5784.013549999999,5784.013549999999,5784.013549999999,5784.013549999999,4544.7709,4097.439900000002,0.0,0.0
2026-04-30 01:00:00,2026-04-29 21:00:00,Persistence,15450.705,15848.425,15848.425,797634.83775,15450.705000000002,763828.6377500002,33806.19999999972,True,0.0,0.0,397.71999999999935,5784.013549999999,5784.013549999999,5784.013549999999,5784.013549999999,4280.397900000001,3882.6779000000033,0.0,0.0
2026-04-30 02:00:00,2026-04-29 22:00:00,Persistence,14761.666000000001,15025.429,15025.429,727680.17775,14761.666000000001,705260.32275,22419.85499999998,True,0.0,0.0,263.762999999999,5784.013549999999,5784.013549999999,5784.013549999999,5784.013549999999,3457.4019000000017,3193.6389000000026,0.0,0.0
2026-04-30 03:00:00,2026-04-29 23:00:00,Persistence,14080.071,14225.603,14225.603,659694.96775,14080.071,647324.74775,12370.219999999972,True,0.0,0.0,145.53199999999924,5784.013549999999,5784.013549999999,5784.013549999999,5784.013549999999,2657.5759000000007,2512.0439000000015,0.0,0.0
2026-04-30 04:00:00,2026-04-30 00:00:00,Persistence,13666.523000000001,13647.458999999999,13647.458999999999,610552.72775,13666.523000000001,612173.1677500001,-1620.440000000177,True,0.0,19.064000000002125,0.0,5784.013549999999,5784.013549999999,5784.013549999999,5784.013549999999,2079.4319000000014,2098.4959000000035,0.0,0.0
2026-04-30 05:00:00,2026-04-30 01:00:00,Persistence,13345.368999999999,13315.165,13315.165,582307.7377500001,13345.368999999999,584875.0777499999,-2567.339999999851,True,0.0,30.203999999997905,0.0,5784.013549999999,5784.013549999999,5784.013549999999,5784.013549999999,1747.1379000000034,1777.3419000000013,0.0,0.0
2026-04-30 06:00:00,2026-04-30 02:00:00,Persistence,13281.698,13113.658,13113.658,565179.64275,13281.698,579463.0427500001,-14283.40000000014,True,0.0,168.04000000000087,0.0,5784.013549999999,5784.013549999999,5784.013549999999,5784.013549999999,1545.630900000002,1713.6709000000028,0.0,0.0
2026-04-30 07:00:00,2026-04-30 03:00:00,Persistence,13228.856,13058.27,13058.27,560471.6627500001,13228.856,574971.4727500001,-14499.80999999994,True,0.0,170.58599999999933,0.0,5784.013549999999,5784.013549999999,5784.013549999999,5784.013549999999,1490.242900000003,1660.8289000000022,0.0,0.0
2026-04-30 08:00:00,2026-04-30 04:00:00,Persistence,13515.606,13296.514,13296.514,580722.40275,13515.606,599345.2227500001,-18622.820000000065,True,0.0,219.09200000000055,0.0,5784.013549999999,5784.013549999999,5784.013549999999,5784.013549999999,1728.4869000000017,1947.5789000000022,0.0,0.0
2026-04-30 09:00:00,2026-04-30 05:00:00,Persistence,14045.469000000001,13746.627,13746.627,618982.0077500001,14045.469000000001,644383.57775,-25401.56999999995,True,0.0,298.84200000000055,0.0,5784.013549999999,5784.013549999999,5784.013549999999,5784.013549999999,2178.599900000003,2477.4419000000025,0.0,0.0
2026-04-30 10:00:00,2026-04-30 06:00:00,Persistence,15025.395,14594.301,14594.301,691034.2977499999,15025.395,727677.28775,-36642.99000000011,True,0.0,431.09400000000096,0.0,5784.013549999999,5784.013549999999,5784.013549999999,5784.013549999999,3026.273900000001,3457.367900000002,0.0,0.0
2026-04-30 11:00:00,2026-04-30 07:00:00,Persistence,15519.306,15097.636999999999,15097.636999999999,733817.85775,15519.306,769659.7227500001,-35841.86500000011,True,0.0,421.6690000000017,0.0,5784.013549999999,5784.013549999999,5784.013549999999,5784.013549999999,3529.6099000000004,3951.278900000002,0.0,0.0
2026-04-30 12:00:00,2026-04-30 08:00:00,Persistence,15776.244999999999,15358.349,15358.349000000002,755978.3777500002,15776.244999999999,791499.5377499999,-35521.15999999968,True,0.0,417.895999999997,0.0,5784.013549999999,5784.013549999999,5784.013549999999,5784.013549999999,3790.3219000000036,4208.217900000001,0.0,0.0
2026-04-30 13:00:00,2026-04-30 09:00:00,Persistence,15703.474999999999,15508.0,15508.0,768698.71275,15703.474999999999,785314.08775,-16615.375,True,0.0,195.47499999999854,0.0,5784.013549999999,5784.013549999999,5784.013549999999,5784.013549999999,3939.9729000000016,4135.4479,0.0,0.0
2026-04-30 14:00:00,2026-04-30 10:00:00,Persistence,15722.714,15780.84,15780.84,791890.1127500001,15722.714,786949.40275,4940.710000000079,True,0.0,0.0,58.126000000000204,5784.013549999999,5784.013549999999,5784.013549999999,5784.013549999999,4212.812900000002,4154.6869000000015,0.0,0.0
2026-04-30 15:00:00,2026-04-30 11:00:00,Persistence,15600.293,15866.213,15866.213,799146.8177499999,15600.293000000001,776543.6177500002,22603.19999999972,True,0.0,0.0,265.9200000000001,5784.013549999999,5784.013549999999,5784.013549999999,5784.013549999999,4298.185900000001,4032.265900000003,0.0,0.0
2026-04-30 16:00:00,2026-04-30 12:00:00,Persistence,15531.491,15878.939999999999,15878.939999999999,800228.6127499999,15531.491000000002,770695.4477500002,29533.164999999688,True,0.0,0.0,347.4489999999987,5784.013549999999,5784.013549999999,5784.013549999999,5784.013549999999,4310.9129,3963.4639000000034,0.0,0.0
2026-04-30 17:00:00,2026-04-30 13:00:00,Persistence,15394.819,15867.851999999999,15867.851999999999,799286.1327499999,15394.819,759078.3277499999,40207.804999999935,True,0.0,0.0,473.03299999999945,5784.013549999999,5784.013549999999,5784.013549999999,5784.013549999999,4299.8249000000005,3826.791900000001,0.0,0.0
2026-04-30 18:00:00,2026-04-30 14:00:00,Persistence,15169.086,15873.892,15873.892,799799.53275,15169.086,739891.02275,59908.51000000001,True,0.0,0.0,704.8060000000005,5784.013549999999,5784.013549999999,5784.013549999999,5784.013549999999,4305.864900000001,3601.058900000001,0.0,0.0
2026-04-30 19:00:00,2026-04-30 15:00:00,Persistence,15027.407,15749.343,15749.343,789212.8677500001,15027.407,727848.3077499999,61364.56000000017,True,0.0,0.0,721.9360000000015,5784.013549999999,5784.013549999999,5784.013549999999,5784.013549999999,4181.315900000002,3459.379900000001,0.0,0.0
2026-04-30 20:00:00,2026-04-30 16:00:00,Persistence,14989.095000000001,15699.368999999999,15699.368999999999,784965.0777499999,14989.095000000001,724591.7877500001,60373.289999999804,True,0.0,0.0,710.2739999999976,5784.013549999999,5784.013549999999,5784.013549999999,5784.013549999999,4131.3419,3421.0679000000027,0.0,0.0
2026-04-30 21:00:00,2026-04-30 17:00:00,Persistence,15004.096000000001,15695.201000000001,15695.201000000001,784610.7977500001,15004.096000000001,725866.8727500001,58743.92500000005,True,0.0,0.0,691.1049999999996,5784.013549999999,5784.013549999999,5784.013549999999,5784.013549999999,4127.1739000000025,3436.068900000003,0.0,0.0
2026-04-30 22:00:00,2026-04-30 18:00:00,Persistence,15028.399000000001,15668.059000000001,15668.059000000001,782303.7277500001,15028.399000000001,727932.6277500001,54371.09999999998,True,0.0,0.0,639.6599999999999,5784.013549999999,5784.013549999999,5784.013549999999,5784.013549999999,4100.031900000003,3460.371900000003,0.0,0.0
2026-04-30 23:00:00,2026-04-30 19:00:00,Persistence,15204.112,15582.511999999999,15582.511999999999,775032.23275,15204.112000000001,742868.2327500001,32163.999999999884,True,0.0,0.0,378.39999999999964,5784.013549999999,5784.013549999999,5784.013549999999,5784.013549999999,4014.4849000000004,3636.0849000000026,0.0,0.0
2026-05-01 00:00:00,2026-04-30 20:00:00,Persistence,15396.571,15665.467,15665.467,782083.40775,15396.571,759227.24775,22856.160000000033,True,0.0,0.0,268.89600000000064,5784.013549999999,5784.013549999999,5784.013549999999,5784.013549999999,4097.439900000002,3828.5439000000015,0.0,0.0
2026-05-01 01:00:00,2026-04-30 21:00:00,Persistence,15460.911,15450.705,15450.705000000002,763828.6377500002,15460.911,764696.14775,-867.5099999997765,True,0.0,10.205999999998312,0.0,5784.013549999999,5784.013549999999,5784.013549999999,5784.013549999999,3882.6779000000033,3892.8839000000016,0.0,0.0
2026-05-01 02:00:00,2026-04-30 22:00:00,Persistence,14901.529999999999,14761.666000000001,14761.666000000001,705260.32275,14901.529999999999,717148.7627499999,-11888.439999999828,True,0.0,139.86399999999776,0.0,5784.013549999999,5784.013549999999,5784.013549999999,5784.013549999999,3193.6389000000026,3333.5029000000004,0.0,0.0
2026-05-01 03:00:00,2026-04-30 23:00:00,Persistence,14422.871,14080.071,14080.071,647324.74775,14422.871,676462.7477499999,-29137.999999999884,True,0.0,342.7999999999993,0.0,5784.013549999999,5784.013549999999,5784.013549999999,5784.013549999999,2512.0439000000015,2854.8439000000008,0.0,0.0
2026-04-27 02:00:00,2026-04-26 22:00:00,OLS,14263.794000000002,14154.518783679985,14154.518783679985,653652.8093627987,14263.794000000002,662941.2027500002,-9288.393387201475,True,0.0,109.27521632001663,0.0,5784.013549999999,5784.013549999999,5784.013549999999,5784.013549999999,2586.4916836799866,2695.7669000000033,0.0,0.0
2026-04-27 03:00:00,2026-04-26 23:00:00,OLS,13627.896,13742.640434568972,13742.640434568972,618643.1496883626,13627.896,608889.8727500001,9753.276938362513,True,0.0,0.0,114.74443456897097,5784.013549999999,5784.013549999999,5784.013549999999,5784.013549999999,2174.613334568974,2059.868900000003,0.0,0.0
2026-04-27 04:00:00,2026-04-27 00:00:00,OLS,13234.52,14274.975707899837,14274.975707899837,663891.6479214862,13234.52,575452.9127500001,88438.73517148604,True,0.0,0.0,1040.4557078998369,5784.013549999999,5784.013549999999,5784.013549999999,5784.013549999999,2706.948607899839,1666.492900000003,0.0,0.0
2026-04-27 05:00:00,2026-04-27 01:00:00,OLS,13031.744999999999,14133.641305623043,14133.641305623045,651878.2237279589,13031.744999999999,558217.03775,93661.18597795884,True,0.0,0.0,1101.896305623046,5784.013549999999,5784.013549999999,5784.013549999999,5784.013549999999,2565.6142056230465,1463.7179000000015,0.0,0.0
2026-04-27 06:00:00,2026-04-27 02:00:00,OLS,12953.631,14022.805726173236,14022.805726173236,642457.199474725,12953.631,551577.3477500001,90879.85172472498,True,0.0,0.0,1069.1747261732362,5784.013549999999,5784.013549999999,5784.013549999999,5784.013549999999,2454.778626173237,1385.6039000000019,0.0,0.0
2026-04-27 07:00:00,2026-04-27 03:00:00,OLS,12976.764,14074.53791513295,14074.53791513295,646854.4355363008,12976.764,553543.65275,93310.78278630076,True,0.0,0.0,1097.7739151329515,5784.013549999999,5784.013549999999,5784.013549999999,5784.013549999999,2506.5108151329523,1408.7369000000017,0.0,0.0
2026-04-27 08:00:00,2026-04-27 04:00:00,OLS,13301.567,14148.117420321692,14148.117420321694,653108.693477344,13301.567,581151.90775,71956.78572734399,True,0.0,0.0,846.5504203216951,5784.013549999999,5784.013549999999,5784.013549999999,5784.013549999999,2580.090320321696,1733.5399000000016,0.0,0.0
2026-04-27 09:00:00,2026-04-27 05:00:00,OLS,13952.309000000001,14201.629739136954,14201.629739136955,657657.2405766412,13952.309000000001,636464.9777500002,21192.262826640974,True,0.0,0.0,249.32073913695422,5784.013549999999,5784.013549999999,5784.013549999999,5784.013549999999,2633.602639136957,2384.2819000000036,0.0,0.0
2026-04-27 10:00:00,2026-04-27 06:00:00,OLS,14866.458,14473.516697409083,14473.516697409083,680767.632029772,14866.458000000002,714167.6427500002,-33400.010720228194,True,0.0,392.941302590918,0.0,5784.013549999999,5784.013549999999,5784.013549999999,5784.013549999999,2905.489597409084,3298.430900000004,0.0,0.0
2026-04-27 11:00:00,2026-04-27 07:00:00,OLS,15298.25,14711.028782169928,14711.028782169928,700956.1592344439,15298.25,750869.96275,-49913.803515556036,True,0.0,587.2212178300724,0.0,5784.013549999999,5784.013549999999,5784.013549999999,5784.013549999999,3143.001682169929,3730.2229000000016,0.0,0.0
2026-04-27 12:00:00,2026-04-27 08:00:00,OLS,15432.886999999999,15184.272158169715,15184.272158169715,741181.8461944258,15432.886999999999,762314.10775,-21132.261555574136,True,0.0,248.6148418302837,0.0,5784.013549999999,5784.013549999999,5784.013549999999,5784.013549999999,3616.2450581697167,3864.8599000000004,0.0,0.0
2026-04-27 13:00:00,2026-04-27 09:00:00,OLS,15361.997,15550.259061152952,15550.259061152952,772290.732948001,15361.997,756288.45775,16002.275198001065,True,0.0,0.0,188.2620611529528,5784.013549999999,5784.013549999999,5784.013549999999,5784.013549999999,3982.2319611529538,3793.969900000001,0.0,0.0
2026-04-27 14:00:00,2026-04-27 10:00:00,OLS,15462.869999999999,15635.295036305843,15635.295036305844,779518.7908359969,15462.869999999999,764862.6627499999,14656.128085996956,True,0.0,0.0,172.42503630584542,5784.013549999999,5784.013549999999,5784.013549999999,5784.013549999999,4067.267936305846,3894.8429000000006,0.0,0.0
2026-04-27 15:00:00,2026-04-27 11:00:00,OLS,15456.433,15787.823388613337,15787.823388613338,792483.7007821337,15456.433,764315.5177500001,28168.183032133617,True,0.0,0.0,331.39038861333756,5784.013549999999,5784.013549999999,5784.013549999999,5784.013549999999,4219.79628861334,3888.4059000000025,0.0,0.0
2026-04-27 16:00:00,2026-04-27 12:00:00,OLS,15530.368,15850.60301562228,15850.60301562228,797819.9690778938,15530.368000000002,770599.9927500002,27219.976327893557,True,0.0,0.0,320.2350156222801,5784.013549999999,5784.013549999999,5784.013549999999,5784.013549999999,4282.575915622282,3962.340900000004,0.0,0.0
2026-04-27 17:00:00,2026-04-27 13:00:00,OLS,15704.380000000001,15773.830765351526,15773.830765351526,791294.3278048798,15704.380000000001,785391.0127500001,5903.31505487964,True,0.0,0.0,69.45076535152475,5784.013549999999,5784.013549999999,5784.013549999999,5784.013549999999,4205.803665351527,4136.352900000003,0.0,0.0
2026-04-27 18:00:00,2026-04-27 14:00:00,OLS,15980.846,15785.432917193166,15785.432917193168,792280.5107114193,15980.846000000001,808890.6227500001,-16610.112038580817,True,0.0,195.41308280683188,0.0,5784.013549999999,5784.013549999999,5784.013549999999,5784.013549999999,4217.405817193169,4412.818900000003,0.0,0.0
2026-04-27 19:00:00,2026-04-27 15:00:00,OLS,16123.157000000001,15680.56736180799,15680.567361807993,783366.9385036794,16123.157000000003,820987.0577500003,-37620.119246320915,True,0.0,442.58963819200835,0.0,5784.013549999999,5784.013549999999,5784.013549999999,5784.013549999999,4112.540261807994,4555.129900000004,0.0,0.0
2026-04-27 20:00:00,2026-04-27 16:00:00,OLS,16370.73,15890.895229968199,15890.895229968199,801244.8072972968,16370.73,842030.76275,-40785.95545270317,True,0.0,479.8347700318009,0.0,5784.013549999999,5784.013549999999,5784.013549999999,5784.013549999999,4322.8681299682,4802.702900000001,0.0,0.0
2026-04-27 21:00:00,2026-04-27 17:00:00,OLS,16525.752999999997,16103.573903672805,16103.573903672805,819322.4945621884,16525.752999999997,855207.7177499997,-35885.22318781132,True,0.0,422.1790963271924,0.0,5784.013549999999,5784.013549999999,5784.013549999999,5784.013549999999,4535.546803672806,4957.725899999999,0.0,0.0
2026-04-27 22:00:00,2026-04-27 18:00:00,OLS,16392.093999999997,16138.560607507097,16138.560607507097,822296.3643881032,16392.093999999997,843846.7027499997,-21550.338361896458,True,0.0,253.53339249290002,0.0,5784.013549999999,5784.013549999999,5784.013549999999,5784.013549999999,4570.533507507099,4824.066899999999,0.0,0.0
2026-04-27 23:00:00,2026-04-27 19:00:00,OLS,16353.1,16097.169867783055,16097.169867783057,818778.1515115598,16353.100000000002,840532.2127500002,-21754.061238440336,True,0.0,255.9301322169431,0.0,5784.013549999999,5784.013549999999,5784.013549999999,5784.013549999999,4529.142767783059,4785.072900000004,0.0,0.0
2026-04-28 00:00:00,2026-04-27 20:00:00,OLS,16299.65,16318.909480644506,16318.909480644506,837626.0186047831,16299.650000000001,835988.9627500002,1637.0558547829278,True,0.0,0.0,19.259480644506766,5784.013549999999,5784.013549999999,5784.013549999999,5784.013549999999,4750.882380644508,4731.622900000003,0.0,0.0
2026-04-28 01:00:00,2026-04-27 21:00:00,OLS,15854.772,16220.295120136057,16220.29512013606,829243.797961565,15854.772,798174.3327500001,31069.465211564908,True,0.0,0.0,365.5231201360584,5784.013549999999,5784.013549999999,5784.013549999999,5784.013549999999,4652.268020136061,4286.744900000002,0.0,0.0
2026-04-28 02:00:00,2026-04-27 22:00:00,OLS,15203.157,15783.830358864841,15783.830358864841,792144.2932535115,15203.157,742787.0577499999,49357.23550351162,True,0.0,0.0,580.6733588648422,5784.013549999999,5784.013549999999,5784.013549999999,5784.013549999999,4215.803258864843,3635.129900000001,0.0,0.0
2026-04-28 03:00:00,2026-04-27 23:00:00,OLS,14501.845,15338.850577601686,15338.850577601686,754321.0118461433,14501.845000000001,683175.5377500001,71145.47409614315,True,0.0,0.0,837.005577601687,5784.013549999999,5784.013549999999,5784.013549999999,5784.013549999999,3770.823477601688,2933.8179000000027,0.0,0.0
2026-04-28 04:00:00,2026-04-28 00:00:00,OLS,14030.948,14022.603073743505,14022.603073743507,642439.9740181981,14030.948,643149.29275,-709.3187318019336,True,0.0,8.344926256493636,0.0,5784.013549999999,5784.013549999999,5784.013549999999,5784.013549999999,2454.5759737435083,2462.920900000002,0.0,0.0
2026-04-28 05:00:00,2026-04-28 01:00:00,OLS,13615.033,13910.535125418635,13910.535125418635,632914.1984105841,13615.033,607796.51775,25117.680660584127,True,0.0,0.0,295.50212541863584,5784.013549999999,5784.013549999999,5784.013549999999,5784.013549999999,2342.5080254186378,2047.005900000002,0.0,0.0
2026-04-28 06:00:00,2026-04-28 02:00:00,OLS,13336.379,13889.753827928913,13889.753827928913,631147.7881239577,13336.379,584110.9277500001,47036.86037395755,True,0.0,0.0,553.374827928912,5784.013549999999,5784.013549999999,5784.013549999999,5784.013549999999,2321.7267279289154,1768.3519000000033,0.0,0.0
2026-04-28 07:00:00,2026-04-28 03:00:00,OLS,13300.124,13954.092423316386,13954.092423316386,636616.5687318929,13300.124,581029.2527500001,55587.31598189275,True,0.0,0.0,653.9684233163862,5784.013549999999,5784.013549999999,5784.013549999999,5784.013549999999,2386.0653233163885,1732.0969000000023,0.0,0.0
2026-04-28 08:00:00,2026-04-28 04:00:00,OLS,13400.43,14256.746411925049,14256.74641192505,662342.1577636293,13400.43,589555.2627500001,72786.89501362923,True,0.0,0.0,856.3164119250505,5784.013549999999,5784.013549999999,5784.013549999999,5784.013549999999,2688.7193119250524,1832.4029000000028,0.0,0.0
2026-04-28 09:00:00,2026-04-28 05:00:00,OLS,13919.842,14788.73025198378,14788.73025198378,707560.7841686213,13919.842,633705.2827500001,73855.50141862116,True,0.0,0.0,868.8882519837789,5784.013549999999,5784.013549999999,5784.013549999999,5784.013549999999,3220.703151983781,2351.814900000003,0.0,0.0
2026-04-28 10:00:00,2026-04-28 06:00:00,OLS,14891.802,15530.906436512287,15530.906436512287,770645.7598535444,14891.802,716321.88275,54323.87710354442,True,0.0,0.0,639.1044365122871,5784.013549999999,5784.013549999999,5784.013549999999,5784.013549999999,3962.8793365122883,3323.7749000000013,0.0,0.0
2026-04-28 11:00:00,2026-04-28 07:00:00,OLS,15375.978,15830.113189018175,15830.113189018175,796078.3338165449,15375.978,757476.84275,38601.4910665449,True,0.0,0.0,454.1351890181759,5784.013549999999,5784.013549999999,5784.013549999999,5784.013549999999,4262.086089018177,3807.9509000000007,0.0,0.0
2026-04-28 12:00:00,2026-04-28 08:00:00,OLS,15424.45,15944.623138079996,15944.623138079998,805811.6794867999,15424.45,761596.9627500001,44214.716736799804,True,0.0,0.0,520.1731380799974,5784.013549999999,5784.013549999999,5784.013549999999,5784.013549999999,4376.59603808,3856.4229000000023,0.0,0.0
2026-04-28 13:00:00,2026-04-28 09:00:00,OLS,15639.954,15918.523107787922,15918.523107787922,803593.1769119734,15639.954000000002,779914.8027500001,23678.374161973246,True,0.0,0.0,278.5691077879219,5784.013549999999,5784.013549999999,5784.013549999999,5784.013549999999,4350.496007787923,4071.926900000003,0.0,0.0
2026-04-28 14:00:00,2026-04-28 10:00:00,OLS,15719.533,16050.601595205246,16050.601595205248,814819.848342446,15719.533,786679.0177499999,28140.830592446146,True,0.0,0.0,331.06859520524813,5784.013549999999,5784.013549999999,5784.013549999999,5784.013549999999,4482.574495205249,4151.505900000001,0.0,0.0
2026-04-28 15:00:00,2026-04-28 11:00:00,OLS,15759.292000000001,16066.993268670523,16066.993268670525,816213.1405869946,15759.292000000001,790058.5327500001,26154.60783699446,True,0.0,0.0,307.70126867052386,5784.013549999999,5784.013549999999,5784.013549999999,5784.013549999999,4498.966168670527,4191.264900000003,0.0,0.0
2026-04-28 16:00:00,2026-04-28 12:00:00,OLS,15861.913,16154.006516410227,16154.006516410227,823609.2666448692,15861.913,798781.31775,24827.948894869187,True,0.0,0.0,292.0935164102266,5784.013549999999,5784.013549999999,5784.013549999999,5784.013549999999,4585.979416410229,4293.885900000002,0.0,0.0
2026-04-28 17:00:00,2026-04-28 13:00:00,OLS,15899.773000000001,16283.216284150696,16283.216284150698,834592.0969028093,15899.773000000001,801999.41775,32592.679152809316,True,0.0,0.0,383.44328415069685,5784.013549999999,5784.013549999999,5784.013549999999,5784.013549999999,4715.1891841506995,4331.745900000003,0.0,0.0
2026-04-28 18:00:00,2026-04-28 14:00:00,OLS,15898.18,16493.337268434603,16493.337268434603,852452.3805669413,15898.18,801864.01275,50588.36781694135,True,0.0,0.0,595.1572684346029,5784.013549999999,5784.013549999999,5784.013549999999,5784.013549999999,4925.310168434605,4330.152900000002,0.0,0.0
2026-04-28 19:00:00,2026-04-28 15:00:00,OLS,15891.098,16561.2026742818,16561.2026742818,858220.9400639532,15891.098000000002,801262.0427500001,56958.89731395303,True,0.0,0.0,670.1046742818016,5784.013549999999,5784.013549999999,5784.013549999999,5784.013549999999,4993.175574281803,4323.070900000003,0.0,0.0
2026-04-28 20:00:00,2026-04-28 16:00:00,OLS,15956.617999999999,16718.635790289398,16718.635790289398,871602.7549245988,15956.617999999999,806831.2427499999,64771.51217459899,True,0.0,0.0,762.0177902893993,5784.013549999999,5784.013549999999,5784.013549999999,5784.013549999999,5150.608690289399,4388.5909,0.0,0.0
2026-04-28 21:00:00,2026-04-28 17:00:00,OLS,16172.786,16782.102820082426,16782.102820082426,876997.4524570062,16172.786,825205.52275,51791.9297070062,True,0.0,0.0,609.3168200824257,5784.013549999999,5784.013549999999,5784.013549999999,5784.013549999999,5214.075720082427,4604.758900000002,0.0,0.0
2026-04-28 22:00:00,2026-04-28 18:00:00,OLS,16221.567,16607.786613530214,16607.786613530214,862180.5749000681,16221.567,829351.90775,32828.6671500681,True,0.0,0.0,386.2196135302147,5784.013549999999,5784.013549999999,5784.013549999999,5784.013549999999,5039.759513530215,4653.539900000001,0.0,0.0
2026-04-28 23:00:00,2026-04-28 19:00:00,OLS,16070.358,16535.682055296063,16535.682055296063,856051.6874501654,16070.358,816499.14275,39552.544700165396,True,0.0,0.0,465.3240552960633,5784.013549999999,5784.013549999999,5784.013549999999,5784.013549999999,4967.654955296065,4502.330900000002,0.0,0.0
2026-04-29 00:00:00,2026-04-28 20:00:00,OLS,16112.797999999999,16473.631206386613,16473.631206386613,850777.3652928622,16112.797999999999,820106.5427499999,30670.822542862268,True,0.0,0.0,360.8332063866146,5784.013549999999,5784.013549999999,5784.013549999999,5784.013549999999,4905.604106386615,4544.7709,0.0,0.0
2026-04-29 01:00:00,2026-04-28 21:00:00,OLS,15848.425,16068.384494437,16068.384494437,816331.394777145,15848.425,797634.83775,18696.557027145056,True,0.0,0.0,219.9594944370001,5784.013549999999,5784.013549999999,5784.013549999999,5784.013549999999,4500.357394437001,4280.397900000001,0.0,0.0
2026-04-29 02:00:00,2026-04-28 22:00:00,OLS,15025.429,15544.284874967989,15544.28487496799,771782.9271222792,15025.429,727680.17775,44102.749372279155,True,0.0,0.0,518.8558749679905,5784.013549999999,5784.013549999999,5784.013549999999,5784.013549999999,3976.257774967992,3457.4019000000017,0.0,0.0
2026-04-29 03:00:00,2026-04-28 23:00:00,OLS,14225.603,14994.475514978889,14994.47551497889,725049.1315232057,14225.603,659694.96775,65354.16377320571,True,0.0,0.0,768.8725149788916,5784.013549999999,5784.013549999999,5784.013549999999,5784.013549999999,3426.4484149788923,2657.5759000000007,0.0,0.0
2026-04-29 04:00:00,2026-04-29 00:00:00,OLS,13647.458999999999,14675.228822214438,14675.228822214438,697913.1626382272,13647.458999999999,610552.72775,87360.43488822726,True,0.0,0.0,1027.769822214439,5784.013549999999,5784.013549999999,5784.013549999999,5784.013549999999,3107.2017222144395,2079.4319000000014,0.0,0.0
2026-04-29 05:00:00,2026-04-29 01:00:00,OLS,13315.165,14368.8609065478,14368.860906547801,671871.8898065632,13315.165,582307.7377500001,89564.15205656306,True,0.0,0.0,1053.6959065478004,5784.013549999999,5784.013549999999,5784.013549999999,5784.013549999999,2800.833806547803,1747.1379000000034,0.0,0.0
2026-04-29 06:00:00,2026-04-29 02:00:00,OLS,13113.658,14196.927671681542,14196.927671681544,657257.5648429312,13113.658,565179.64275,92077.92209293123,True,0.0,0.0,1083.2696716815444,5784.013549999999,5784.013549999999,5784.013549999999,5784.013549999999,2628.9005716815454,1545.630900000002,0.0,0.0
2026-04-29 07:00:00,2026-04-29 03:00:00,OLS,13058.27,14218.26624334562,14218.26624334562,659071.3434343778,13058.27,560471.6627500001,98599.68068437767,True,0.0,0.0,1159.9962433456203,5784.013549999999,5784.013549999999,5784.013549999999,5784.013549999999,2650.2391433456223,1490.242900000003,0.0,0.0
2026-04-29 08:00:00,2026-04-29 04:00:00,OLS,13296.514,14372.562345491815,14372.562345491817,672186.5121168045,13296.514,580722.40275,91464.10936680448,True,0.0,0.0,1076.0483454918176,5784.013549999999,5784.013549999999,5784.013549999999,5784.013549999999,2804.5352454918184,1728.4869000000017,0.0,0.0
2026-04-29 09:00:00,2026-04-29 05:00:00,OLS,13746.627,14907.469205301593,14907.469205301593,717653.5952006355,13746.627,618982.0077500001,98671.58745063539,True,0.0,0.0,1160.842205301593,5784.013549999999,5784.013549999999,5784.013549999999,5784.013549999999,3339.442105301595,2178.599900000003,0.0,0.0
2026-04-29 10:00:00,2026-04-29 06:00:00,OLS,14594.301,15782.694874129713,15782.694874129713,792047.7770510255,14594.301,691034.2977499999,101013.47930102563,True,0.0,0.0,1188.3938741297134,5784.013549999999,5784.013549999999,5784.013549999999,5784.013549999999,4214.667774129714,3026.273900000001,0.0,0.0
2026-04-29 11:00:00,2026-04-29 07:00:00,OLS,15097.636999999999,16185.538862361818,16185.53886236182,826289.5160507547,15097.636999999999,733817.85775,92471.65830075473,True,0.0,0.0,1087.9018623618213,5784.013549999999,5784.013549999999,5784.013549999999,5784.013549999999,4617.511762361822,3529.6099000000004,0.0,0.0
2026-04-29 12:00:00,2026-04-29 08:00:00,OLS,15358.349,16206.709104070063,16206.709104070065,828088.9865959556,15358.349000000002,755978.3777500002,72110.60884595534,True,0.0,0.0,848.3601040700651,5784.013549999999,5784.013549999999,5784.013549999999,5784.013549999999,4638.682004070067,3790.3219000000036,0.0,0.0
2026-04-29 13:00:00,2026-04-29 09:00:00,OLS,15508.0,16401.094785444122,16401.094785444122,844611.7695127504,15508.0,768698.71275,75913.0567627505,True,0.0,0.0,893.094785444122,5784.013549999999,5784.013549999999,5784.013549999999,5784.013549999999,4833.0676854441235,3939.9729000000016,0.0,0.0
2026-04-29 14:00:00,2026-04-29 10:00:00,OLS,15780.84,16514.527702460997,16514.527702460997,854253.5674591847,15780.84,791890.1127500001,62363.45470918459,True,0.0,0.0,733.6877024609967,5784.013549999999,5784.013549999999,5784.013549999999,5784.013549999999,4946.500602460998,4212.812900000002,0.0,0.0
2026-04-29 15:00:00,2026-04-29 11:00:00,OLS,15866.213,16577.340962620157,16577.340962620157,859592.6945727135,15866.213,799146.8177499999,60445.87682271353,True,0.0,0.0,711.1279626201576,5784.013549999999,5784.013549999999,5784.013549999999,5784.013549999999,5009.313862620159,4298.185900000001,0.0,0.0
2026-04-29 16:00:00,2026-04-29 12:00:00,OLS,15878.939999999999,16702.979631752158,16702.979631752158,870271.9814489335,15878.939999999999,800228.6127499999,70043.36869893363,True,0.0,0.0,824.039631752159,5784.013549999999,5784.013549999999,5784.013549999999,5784.013549999999,5134.952531752159,4310.9129,0.0,0.0
2026-04-29 17:00:00,2026-04-29 13:00:00,OLS,15867.851999999999,16780.550624136522,16780.550624136522,876865.5158016044,15867.851999999999,799286.1327499999,77579.3830516045,True,0.0,0.0,912.698624136523,5784.013549999999,5784.013549999999,5784.013549999999,5784.013549999999,5212.5235241365235,4299.8249000000005,0.0,0.0
2026-04-29 18:00:00,2026-04-29 14:00:00,OLS,15873.892,16815.73248716797,16815.73248716797,879855.9741592775,15873.892,799799.53275,80056.4414092775,True,0.0,0.0,941.8404871679704,5784.013549999999,5784.013549999999,5784.013549999999,5784.013549999999,5247.705387167972,4305.864900000001,0.0,0.0
2026-04-29 19:00:00,2026-04-29 15:00:00,OLS,15749.343,16843.071785220676,16843.071785220676,882179.8144937574,15749.343,789212.8677500001,92966.94674375735,True,0.0,0.0,1093.7287852206755,5784.013549999999,5784.013549999999,5784.013549999999,5784.013549999999,5275.044685220678,4181.315900000002,0.0,0.0
2026-04-29 20:00:00,2026-04-29 16:00:00,OLS,15699.368999999999,16879.57386019682,16879.57386019682,885282.4908667295,15699.368999999999,784965.0777499999,100317.41311672959,True,0.0,0.0,1180.20486019682,5784.013549999999,5784.013549999999,5784.013549999999,5784.013549999999,5311.54676019682,4131.3419,0.0,0.0
2026-04-29 21:00:00,2026-04-29 17:00:00,OLS,15695.201000000001,17013.97945729797,17013.97945729797,896706.9666203274,15695.201000000001,784610.7977500001,112096.1688703273,True,0.0,0.0,1318.778457297969,5784.013549999999,5784.013549999999,5784.013549999999,5784.013549999999,5445.9523572979715,4127.1739000000025,0.0,0.0
2026-04-29 22:00:00,2026-04-29 18:00:00,OLS,15668.059000000001,16992.8440038794,16992.8440038794,894910.4530797489,15668.059000000001,782303.7277500001,112606.72532974882,True,0.0,0.0,1324.7850038793986,5784.013549999999,5784.013549999999,5784.013549999999,5784.013549999999,5424.816903879401,4100.031900000003,0.0,0.0
2026-04-29 23:00:00,2026-04-29 19:00:00,OLS,15582.511999999999,16832.810448879332,16832.810448879332,881307.6009047432,15582.511999999999,775032.23275,106275.36815474322,True,0.0,0.0,1250.2984488793336,5784.013549999999,5784.013549999999,5784.013549999999,5784.013549999999,5264.783348879334,4014.4849000000004,0.0,0.0
2026-04-30 00:00:00,2026-04-29 20:00:00,OLS,15665.467,16805.64608337502,16805.64608337502,878998.6298368768,15665.467,782083.40775,96915.22208687675,True,0.0,0.0,1140.1790833750201,5784.013549999999,5784.013549999999,5784.013549999999,5784.013549999999,5237.618983375022,4097.439900000002,0.0,0.0
2026-04-30 01:00:00,2026-04-29 21:00:00,OLS,15450.705,16525.243491593876,16525.243491593876,855164.4095354795,15450.705000000002,763828.6377500002,91335.77178547927,True,0.0,0.0,1074.5384915938757,5784.013549999999,5784.013549999999,5784.013549999999,5784.013549999999,4957.216391593877,3882.6779000000033,0.0,0.0
2026-04-30 02:00:00,2026-04-29 22:00:00,OLS,14761.666000000001,15852.783504013201,15852.783504013201,798005.3105911221,14761.666000000001,705260.32275,92744.98784112209,True,0.0,0.0,1091.1175040132002,5784.013549999999,5784.013549999999,5784.013549999999,5784.013549999999,4284.756404013203,3193.6389000000026,0.0,0.0
2026-04-30 03:00:00,2026-04-29 23:00:00,OLS,14080.071,15266.468373939637,15266.468373939639,748168.5245348692,14080.071,647324.74775,100843.77678486926,True,0.0,0.0,1186.3973739396388,5784.013549999999,5784.013549999999,5784.013549999999,5784.013549999999,3698.4412739396403,2512.0439000000015,0.0,0.0
2026-04-30 04:00:00,2026-04-30 00:00:00,OLS,13666.523000000001,14078.730477701949,14078.730477701949,647210.8033546656,13666.523000000001,612173.1677500001,35037.6356046655,True,0.0,0.0,412.20747770194794,5784.013549999999,5784.013549999999,5784.013549999999,5784.013549999999,2510.7033777019506,2098.4959000000035,0.0,0.0
2026-04-30 05:00:00,2026-04-30 01:00:00,OLS,13345.368999999999,13861.013158616008,13861.013158616008,628704.8312323608,13345.368999999999,584875.0777499999,43829.75348236086,True,0.0,0.0,515.644158616009,5784.013549999999,5784.013549999999,5784.013549999999,5784.013549999999,2292.9860586160103,1777.3419000000013,0.0,0.0
2026-04-30 06:00:00,2026-04-30 02:00:00,OLS,13281.698,13739.250567874538,13739.250567874538,618355.0110193358,13281.698,579463.0427500001,38891.96826933569,True,0.0,0.0,457.552567874538,5784.013549999999,5784.013549999999,5784.013549999999,5784.013549999999,2171.223467874541,1713.6709000000028,0.0,0.0
2026-04-30 07:00:00,2026-04-30 03:00:00,OLS,13228.856,13749.363744310791,13749.363744310791,619214.6310164173,13228.856,574971.4727500001,44243.15826641722,True,0.0,0.0,520.5077443107912,5784.013549999999,5784.013549999999,5784.013549999999,5784.013549999999,2181.3366443107934,1660.8289000000022,0.0,0.0
2026-04-30 08:00:00,2026-04-30 04:00:00,OLS,13515.606,13974.534562748177,13974.534562748177,638354.150583595,13515.606,599345.2227500001,39008.927833594964,True,0.0,0.0,458.9285627481768,5784.013549999999,5784.013549999999,5784.013549999999,5784.013549999999,2406.507462748179,1947.5789000000022,0.0,0.0
2026-04-30 09:00:00,2026-04-30 05:00:00,OLS,14045.469000000001,14352.427141468926,14352.427141468928,670475.0197748588,14045.469000000001,644383.57775,26091.442024858785,True,0.0,0.0,306.95814146892735,5784.013549999999,5784.013549999999,5784.013549999999,5784.013549999999,2784.40004146893,2477.4419000000025,0.0,0.0
2026-04-30 10:00:00,2026-04-30 06:00:00,OLS,15025.395,15056.65876697516,15056.65876697516,730334.7079428886,15025.395,727677.28775,2657.4201928885886,True,0.0,0.0,31.26376697516025,5784.013549999999,5784.013549999999,5784.013549999999,5784.013549999999,3488.6316669751623,3457.367900000002,0.0,0.0
2026-04-30 11:00:00,2026-04-30 07:00:00,OLS,15519.306,15472.082332325106,15472.082332325106,765645.7109976341,15519.306,769659.7227500001,-4014.011752365972,True,0.0,47.223667674894386,0.0,5784.013549999999,5784.013549999999,5784.013549999999,5784.013549999999,3904.0552323251077,3951.278900000002,0.0,0.0
2026-04-30 12:00:00,2026-04-30 08:00:00,OLS,15776.244999999999,15719.40436948903,15719.404369489032,786668.0841565677,15776.244999999999,791499.5377499999,-4831.453593432205,True,0.0,56.84063051096746,0.0,5784.013549999999,5784.013549999999,5784.013549999999,5784.013549999999,4151.377269489033,4208.217900000001,0.0,0.0
2026-04-30 13:00:00,2026-04-30 09:00:00,OLS,15703.474999999999,15928.364303888691,15928.364303888691,804429.6785805388,15703.474999999999,785314.08775,19115.590830538888,True,0.0,0.0,224.88930388869267,5784.013549999999,5784.013549999999,5784.013549999999,5784.013549999999,4360.337203888693,4135.4479,0.0,0.0
2026-04-30 14:00:00,2026-04-30 10:00:00,OLS,15722.714,16211.64849884398,16211.64849884398,828508.8351517384,15722.714,786949.40275,41559.43240173836,True,0.0,0.0,488.9344988439807,5784.013549999999,5784.013549999999,5784.013549999999,5784.013549999999,4643.621398843982,4154.6869000000015,0.0,0.0
2026-04-30 15:00:00,2026-04-30 11:00:00,OLS,15600.293,16326.119263833898,16326.119263833898,838238.8501758813,15600.293000000001,776543.6177500002,61695.232425881084,True,0.0,0.0,725.8262638338983,5784.013549999999,5784.013549999999,5784.013549999999,5784.013549999999,4758.0921638339,4032.265900000003,0.0,0.0
2026-04-30 16:00:00,2026-04-30 12:00:00,OLS,15531.491,16375.70492014002,16375.704920140022,842453.630961902,15531.491000000002,770695.4477500002,71758.1832119018,True,0.0,0.0,844.2139201400223,5784.013549999999,5784.013549999999,5784.013549999999,5784.013549999999,4807.677820140024,3963.4639000000034,0.0,0.0
2026-04-30 17:00:00,2026-04-30 13:00:00,OLS,15394.819,16379.465458522598,16379.465458522598,842773.2767244208,15394.819,759078.3277499999,83694.9489744209,True,0.0,0.0,984.6464585225986,5784.013549999999,5784.013549999999,5784.013549999999,5784.013549999999,4811.4383585226,3826.791900000001,0.0,0.0
2026-04-30 18:00:00,2026-04-30 14:00:00,OLS,15169.086,16368.038830401183,16368.038830401183,841802.0133341006,15169.086,739891.02275,101910.9905841006,True,0.0,0.0,1198.9528304011837,5784.013549999999,5784.013549999999,5784.013549999999,5784.013549999999,4800.011730401185,3601.058900000001,0.0,0.0
2026-04-30 19:00:00,2026-04-30 15:00:00,OLS,15027.407,16247.803045971761,16247.803045971763,831581.9716575998,15027.407,727848.3077499999,103733.66390759987,True,0.0,0.0,1220.3960459717637,5784.013549999999,5784.013549999999,5784.013549999999,5784.013549999999,4679.7759459717645,3459.379900000001,0.0,0.0
2026-04-30 20:00:00,2026-04-30 16:00:00,OLS,14989.095000000001,16179.400232190672,16179.400232190674,825767.7324862073,14989.095000000001,724591.7877500001,101175.94473620714,True,0.0,0.0,1190.3052321906725,5784.013549999999,5784.013549999999,5784.013549999999,5784.013549999999,4611.373132190675,3421.0679000000027,0.0,0.0
2026-04-30 21:00:00,2026-04-30 17:00:00,OLS,15004.096000000001,16156.517383116856,16156.517383116858,823822.690314933,15004.096000000001,725866.8727500001,97955.81756493286,True,0.0,0.0,1152.4213831168563,5784.013549999999,5784.013549999999,5784.013549999999,5784.013549999999,4588.490283116859,3436.068900000003,0.0,0.0
2026-04-30 22:00:00,2026-04-30 18:00:00,OLS,15028.399000000001,16130.083750312695,16130.083750312697,821575.8315265792,15028.399000000001,727932.6277500001,93643.20377657912,True,0.0,0.0,1101.6847503126955,5784.013549999999,5784.013549999999,5784.013549999999,5784.013549999999,4562.056650312698,3460.371900000003,0.0,0.0
2026-04-30 23:00:00,2026-04-30 19:00:00,OLS,15204.112,16023.364462081989,16023.36446208199,812504.6920269693,15204.112000000001,742868.2327500001,69636.4592769692,True,0.0,0.0,819.2524620819913,5784.013549999999,5784.013549999999,5784.013549999999,5784.013549999999,4455.337362081992,3636.0849000000026,0.0,0.0
2026-05-01 00:00:00,2026-04-30 20:00:00,OLS,15396.571,16077.582811468454,16077.582811468455,817113.2517248187,15396.571,759227.24775,57886.00397481874,True,0.0,0.0,681.0118114684556,5784.013549999999,5784.013549999999,5784.013549999999,5784.013549999999,4509.555711468457,3828.5439000000015,0.0,0.0
2026-05-01 01:00:00,2026-04-30 21:00:00,OLS,15460.911,15899.87723064294,15899.877230642942,802008.2773546501,15460.911,764696.14775,37312.12960465008,True,0.0,0.0,438.9662306429418,5784.013549999999,5784.013549999999,5784.013549999999,5784.013549999999,4331.850130642943,3892.8839000000016,0.0,0.0
2026-05-01 02:00:00,2026-04-30 22:00:00,OLS,14901.529999999999,15340.196138415997,15340.196138415999,754435.3845153599,14901.529999999999,717148.7627499999,37286.62176536,True,0.0,0.0,438.66613841599974,5784.013549999999,5784.013549999999,5784.013549999999,5784.013549999999,3772.169038416,3333.5029000000004,0.0,0.0
2026-05-01 03:00:00,2026-04-30 23:00:00,OLS,14422.871,14842.269974649775,14842.269974649775,712111.6605952309,14422.871,676462.7477499999,35648.91284523101,True,0.0,0.0,419.3989746497755,5784.013549999999,5784.013549999999,5784.013549999999,5784.013549999999,3274.2428746497762,2854.8439000000008,0.0,0.0
2026-04-27 02:00:00,2026-04-26 22:00:00,Ridge,14263.794000000002,14153.623898685124,14153.623898685124,653576.7441382356,14263.794000000002,662941.2027500002,-9364.458611764596,True,0.0,110.17010131487768,0.0,5784.013549999999,5784.013549999999,5784.013549999999,5784.013549999999,2585.5967986851256,2695.7669000000033,0.0,0.0
2026-04-27 03:00:00,2026-04-26 23:00:00,Ridge,13627.896,13740.688988668478,13740.688988668478,618477.2767868207,13627.896,608889.8727500001,9587.404036820633,True,0.0,0.0,112.79298866847785,5784.013549999999,5784.013549999999,5784.013549999999,5784.013549999999,2172.661888668481,2059.868900000003,0.0,0.0
2026-04-27 04:00:00,2026-04-27 00:00:00,Ridge,13234.52,14276.428352238707,14276.428352238709,664015.1226902902,13234.52,575452.9127500001,88562.20994029008,True,0.0,0.0,1041.9083522387082,5784.013549999999,5784.013549999999,5784.013549999999,5784.013549999999,2708.40125223871,1666.492900000003,0.0,0.0
2026-04-27 05:00:00,2026-04-27 01:00:00,Ridge,13031.744999999999,14133.885103510078,14133.885103510078,651898.9465483567,13031.744999999999,558217.03775,93681.90879835666,True,0.0,0.0,1102.140103510079,5784.013549999999,5784.013549999999,5784.013549999999,5784.013549999999,2565.8580035100795,1463.7179000000015,0.0,0.0
2026-04-27 06:00:00,2026-04-27 02:00:00,Ridge,12953.631,14022.36221375309,14022.362213753091,642419.5009190127,12953.631,551577.3477500001,90842.15316901263,True,0.0,0.0,1068.7312137530917,5784.013549999999,5784.013549999999,5784.013549999999,5784.013549999999,2454.3351137530926,1385.6039000000019,0.0,0.0
2026-04-27 07:00:00,2026-04-27 03:00:00,Ridge,12976.764,14073.219623887588,14073.219623887588,646742.380780445,12976.764,553543.65275,93198.72803044494,True,0.0,0.0,1096.4556238875884,5784.013549999999,5784.013549999999,5784.013549999999,5784.013549999999,2505.1925238875892,1408.7369000000017,0.0,0.0
2026-04-27 08:00:00,2026-04-27 04:00:00,Ridge,13301.567,14146.558722044878,14146.55872204488,652976.2041238148,13301.567,581151.90775,71824.29637381481,True,0.0,0.0,844.9917220448806,5784.013549999999,5784.013549999999,5784.013549999999,5784.013549999999,2578.5316220448813,1733.5399000000016,0.0,0.0
2026-04-27 09:00:00,2026-04-27 05:00:00,Ridge,13952.309000000001,14200.704017597347,14200.704017597349,657578.5542457746,13952.309000000001,636464.9777500002,21113.57649577444,True,0.0,0.0,248.39501759734776,5784.013549999999,5784.013549999999,5784.013549999999,5784.013549999999,2632.6769175973504,2384.2819000000036,0.0,0.0
2026-04-27 10:00:00,2026-04-27 06:00:00,Ridge,14866.458,14472.765404354142,14472.765404354144,680703.7721201023,14866.458000000002,714167.6427500002,-33463.87062989792,True,0.0,393.6925956458563,0.0,5784.013549999999,5784.013549999999,5784.013549999999,5784.013549999999,2904.738304354146,3298.430900000004,0.0,0.0
2026-04-27 11:00:00,2026-04-27 07:00:00,Ridge,15298.25,14710.771140876794,14710.771140876794,700934.2597245275,15298.25,750869.96275,-49935.70302547247,True,0.0,587.4788591232063,0.0,5784.013549999999,5784.013549999999,5784.013549999999,5784.013549999999,3142.744040876795,3730.2229000000016,0.0,0.0
2026-04-27 12:00:00,2026-04-27 08:00:00,Ridge,15432.886999999999,15183.331571137032,15183.331571137034,741101.8962966478,15432.886999999999,762314.10775,-21212.211453352123,True,0.0,249.55542886296462,0.0,5784.013549999999,5784.013549999999,5784.013549999999,5784.013549999999,3615.3044711370358,3864.8599000000004,0.0,0.0
2026-04-27 13:00:00,2026-04-27 09:00:00,Ridge,15361.997,15549.360487294463,15549.360487294463,772214.3541700294,15361.997,756288.45775,15925.896420029458,True,0.0,0.0,187.363487294464,5784.013549999999,5784.013549999999,5784.013549999999,5784.013549999999,3981.333387294465,3793.969900000001,0.0,0.0
2026-04-27 14:00:00,2026-04-27 10:00:00,Ridge,15462.869999999999,15635.171138753687,15635.171138753689,779508.2595440636,15462.869999999999,764862.6627499999,14645.596794063691,True,0.0,0.0,172.30113875368988,5784.013549999999,5784.013549999999,5784.013549999999,5784.013549999999,4067.1440387536904,3894.8429000000006,0.0,0.0
2026-04-27 15:00:00,2026-04-27 11:00:00,Ridge,15456.433,15787.66266516243,15787.662665162432,792470.0392888067,15456.433,764315.5177500001,28154.521538806614,True,0.0,0.0,331.22966516243105,5784.013549999999,5784.013549999999,5784.013549999999,5784.013549999999,4219.6355651624335,3888.4059000000025,0.0,0.0
2026-04-27 16:00:00,2026-04-27 12:00:00,Ridge,15530.368,15850.705004516885,15850.705004516887,797828.6381339354,15530.368000000002,770599.9927500002,27228.64538393519,True,0.0,0.0,320.33700451688674,5784.013549999999,5784.013549999999,5784.013549999999,5784.013549999999,4282.677904516889,3962.340900000004,0.0,0.0
2026-04-27 17:00:00,2026-04-27 13:00:00,Ridge,15704.380000000001,15774.72065713705,15774.720657137052,791369.9686066494,15704.380000000001,785391.0127500001,5978.9558566493215,True,0.0,0.0,70.34065713705058,5784.013549999999,5784.013549999999,5784.013549999999,5784.013549999999,4206.693557137053,4136.352900000003,0.0,0.0
2026-04-27 18:00:00,2026-04-27 14:00:00,Ridge,15980.846,15786.092502259951,15786.092502259951,792336.5754420959,15980.846000000001,808890.6227500001,-16554.047307904228,True,0.0,194.75349774004826,0.0,5784.013549999999,5784.013549999999,5784.013549999999,5784.013549999999,4218.065402259953,4412.818900000003,0.0,0.0
2026-04-27 19:00:00,2026-04-27 15:00:00,Ridge,16123.157000000001,15681.538384431458,15681.53838443146,783449.4754266741,16123.157000000003,820987.0577500003,-37537.58232332615,True,0.0,441.6186155685409,0.0,5784.013549999999,5784.013549999999,5784.013549999999,5784.013549999999,4113.511284431462,4555.129900000004,0.0,0.0
2026-04-27 20:00:00,2026-04-27 16:00:00,Ridge,16370.73,15890.749393770335,15890.749393770337,801232.4112204786,16370.73,842030.76275,-40798.3515295214,True,0.0,479.98060622966295,0.0,5784.013549999999,5784.013549999999,5784.013549999999,5784.013549999999,4322.722293770338,4802.702900000001,0.0,0.0
2026-04-27 21:00:00,2026-04-27 17:00:00,Ridge,16525.752999999997,16102.993562410935,16102.993562410935,819273.1655549295,16525.752999999997,855207.7177499997,-35934.552195070195,True,0.0,422.75943758906214,0.0,5784.013549999999,5784.013549999999,5784.013549999999,5784.013549999999,4534.966462410936,4957.725899999999,0.0,0.0
2026-04-27 22:00:00,2026-04-27 18:00:00,Ridge,16392.093999999997,16137.989295215302,16137.989295215302,822247.8028433006,16392.093999999997,843846.7027499997,-21598.89990669908,True,0.0,254.10470478469506,0.0,5784.013549999999,5784.013549999999,5784.013549999999,5784.013549999999,4569.962195215304,4824.066899999999,0.0,0.0
2026-04-27 23:00:00,2026-04-27 19:00:00,Ridge,16353.1,16096.237764072579,16096.237764072579,818698.9226961692,16353.100000000002,840532.2127500002,-21833.290053830948,True,0.0,256.86223592742135,0.0,5784.013549999999,5784.013549999999,5784.013549999999,5784.013549999999,4528.210664072581,4785.072900000004,0.0,0.0
2026-04-28 00:00:00,2026-04-27 20:00:00,Ridge,16299.65,16316.67797277397,16316.67797277397,837436.3404357876,16299.650000000001,835988.9627500002,1447.377685787389,True,0.0,0.0,17.02797277397076,5784.013549999999,5784.013549999999,5784.013549999999,5784.013549999999,4748.650872773972,4731.622900000003,0.0,0.0
2026-04-28 01:00:00,2026-04-27 21:00:00,Ridge,15854.772,16218.398911501288,16218.398911501288,829082.6202276095,15854.772,798174.3327500001,30908.28747760947,True,0.0,0.0,363.6269115012874,5784.013549999999,5784.013549999999,5784.013549999999,5784.013549999999,4650.37181150129,4286.744900000002,0.0,0.0
2026-04-28 02:00:00,2026-04-27 22:00:00,Ridge,15203.157,15782.3137673979,15782.3137673979,792015.3829788215,15203.157,742787.0577499999,49228.3252288216,True,0.0,0.0,579.1567673979007,5784.013549999999,5784.013549999999,5784.013549999999,5784.013549999999,4214.2866673979015,3635.129900000001,0.0,0.0
2026-04-28 03:00:00,2026-04-27 23:00:00,Ridge,14501.845,15336.794196093557,15336.794196093557,754146.2194179524,14501.845000000001,683175.5377500001,70970.68166795222,True,0.0,0.0,834.9491960935575,5784.013549999999,5784.013549999999,5784.013549999999,5784.013549999999,3768.7670960935584,2933.8179000000027,0.0,0.0
2026-04-28 04:00:00,2026-04-28 00:00:00,Ridge,14030.948,14017.356402984824,14017.356402984824,641994.00700371,14030.948,643149.29275,-1155.2857462899992,True,0.0,13.591597015176376,0.0,5784.013549999999,5784.013549999999,5784.013549999999,5784.013549999999,2449.3293029848255,2462.920900000002,0.0,0.0
2026-04-28 05:00:00,2026-04-28 01:00:00,Ridge,13615.033,13904.739733837385,13904.739733837385,632421.5901261778,13615.033,607796.51775,24625.072376177763,True,0.0,0.0,289.7067338373854,5784.013549999999,5784.013549999999,5784.013549999999,5784.013549999999,2336.7126338373873,2047.005900000002,0.0,0.0
2026-04-28 06:00:00,2026-04-28 02:00:00,Ridge,13336.379,13883.75648821316,13883.75648821316,630638.0142481186,13336.379,584110.9277500001,46527.08649811847,True,0.0,0.0,547.3774882131584,5784.013549999999,5784.013549999999,5784.013549999999,5784.013549999999,2315.7293882131617,1768.3519000000033,0.0,0.0
2026-04-28 07:00:00,2026-04-28 03:00:00,Ridge,13300.124,13948.052122789835,13948.052122789835,636103.143187136,13300.124,581029.2527500001,55073.89043713594,True,0.0,0.0,647.9281227898355,5784.013549999999,5784.013549999999,5784.013549999999,5784.013549999999,2380.0250227898377,1732.0969000000023,0.0,0.0
2026-04-28 08:00:00,2026-04-28 04:00:00,Ridge,13400.43,14250.38811404617,14250.38811404617,661801.7024439245,13400.43,589555.2627500001,72246.43969392439,True,0.0,0.0,849.9581140461705,5784.013549999999,5784.013549999999,5784.013549999999,5784.013549999999,2682.3610140461724,1832.4029000000028,0.0,0.0
2026-04-28 09:00:00,2026-04-28 05:00:00,Ridge,13919.842,14782.337693304366,14782.337693304366,707017.416680871,13919.842,633705.2827500001,73312.13393087091,True,0.0,0.0,862.495693304365,5784.013549999999,5784.013549999999,5784.013549999999,5784.013549999999,3214.310593304367,2351.814900000003,0.0,0.0
2026-04-28 10:00:00,2026-04-28 06:00:00,Ridge,14891.802,15524.342176765538,15524.342176765538,770087.7977750708,14891.802,716321.88275,53765.915025070775,True,0.0,0.0,632.5401767655385,5784.013549999999,5784.013549999999,5784.013549999999,5784.013549999999,3956.3150767655397,3323.7749000000013,0.0,0.0
2026-04-28 11:00:00,2026-04-28 07:00:00,Ridge,15375.978,15825.479965583745,15825.479965583745,795684.5098246183,15375.978,757476.84275,38207.667074618395,True,0.0,0.0,449.5019655837459,5784.013549999999,5784.013549999999,5784.013549999999,5784.013549999999,4257.452865583747,3807.9509000000007,0.0,0.0
2026-04-28 12:00:00,2026-04-28 08:00:00,Ridge,15424.45,15941.218728029104,15941.218728029104,805522.3046324737,15424.45,761596.9627500001,43925.34188247367,True,0.0,0.0,516.7687280291029,5784.013549999999,5784.013549999999,5784.013549999999,5784.013549999999,4373.191628029105,3856.4229000000023,0.0,0.0
2026-04-28 13:00:00,2026-04-28 09:00:00,Ridge,15639.954,15915.986319485022,15915.986319485022,803377.5499062269,15639.954000000002,779914.8027500001,23462.747156226775,True,0.0,0.0,276.0323194850225,5784.013549999999,5784.013549999999,5784.013549999999,5784.013549999999,4347.959219485024,4071.926900000003,0.0,0.0
2026-04-28 14:00:00,2026-04-28 10:00:00,Ridge,15719.533,16047.73017905874,16047.73017905874,814575.777969993,15719.533,786679.0177499999,27896.76021999307,True,0.0,0.0,328.1971790587413,5784.013549999999,5784.013549999999,5784.013549999999,5784.013549999999,4479.703079058742,4151.505900000001,0.0,0.0
2026-04-28 15:00:00,2026-04-28 11:00:00,Ridge,15759.292000000001,16064.54547972207,16064.54547972207,816005.0785263759,15759.292000000001,790058.5327500001,25946.545776375802,True,0.0,0.0,305.25347972206873,5784.013549999999,5784.013549999999,5784.013549999999,5784.013549999999,4496.518379722072,4191.264900000003,0.0,0.0
2026-04-28 16:00:00,2026-04-28 12:00:00,Ridge,15861.913,16151.349323227929,16151.349323227929,823383.405224374,15861.913,798781.31775,24602.087474373984,True,0.0,0.0,289.43632322792837,5784.013549999999,5784.013549999999,5784.013549999999,5784.013549999999,4583.32222322793,4293.885900000002,0.0,0.0
2026-04-28 17:00:00,2026-04-28 13:00:00,Ridge,15899.773000000001,16280.498270687513,16280.498270687513,834361.0657584385,15899.773000000001,801999.41775,32361.648008438526,True,0.0,0.0,380.7252706875115,5784.013549999999,5784.013549999999,5784.013549999999,5784.013549999999,4712.471170687514,4331.745900000003,0.0,0.0
2026-04-28 18:00:00,2026-04-28 14:00:00,Ridge,15898.18,16490.255248010166,16490.255248010166,852190.4088308641,15898.18,801864.01275,50326.39608086413,True,0.0,0.0,592.0752480101655,5784.013549999999,5784.013549999999,5784.013549999999,5784.013549999999,4922.228148010167,4330.152900000002,0.0,0.0
2026-04-28 19:00:00,2026-04-28 15:00:00,Ridge,15891.098,16558.46465383856,16558.46465383856,857988.2083262777,15891.098000000002,801262.0427500001,56726.16557627753,True,0.0,0.0,667.3666538385605,5784.013549999999,5784.013549999999,5784.013549999999,5784.013549999999,4990.437553838562,4323.070900000003,0.0,0.0
2026-04-28 20:00:00,2026-04-28 16:00:00,Ridge,15956.617999999999,16715.699961289196,16715.699961289196,871353.2094595816,15956.617999999999,806831.2427499999,64521.966709581786,True,0.0,0.0,759.0819612891974,5784.013549999999,5784.013549999999,5784.013549999999,5784.013549999999,5147.6728612891975,4388.5909,0.0,0.0
2026-04-28 21:00:00,2026-04-28 17:00:00,Ridge,16172.786,16779.47222788434,16779.47222788434,876773.852120169,16172.786,825205.52275,51568.32937016897,True,0.0,0.0,606.68622788434,5784.013549999999,5784.013549999999,5784.013549999999,5784.013549999999,5211.445127884342,4604.758900000002,0.0,0.0
2026-04-28 22:00:00,2026-04-28 18:00:00,Ridge,16221.567,16605.983454530426,16605.983454530426,862027.3063850862,16221.567,829351.90775,32675.398635086138,True,0.0,0.0,384.41645453042656,5784.013549999999,5784.013549999999,5784.013549999999,5784.013549999999,5037.956354530427,4653.539900000001,0.0,0.0
2026-04-28 23:00:00,2026-04-28 19:00:00,Ridge,16070.358,16533.72391802669,16533.72391802669,855885.2457822687,16070.358,816499.14275,39386.1030322687,True,0.0,0.0,463.36591802669136,5784.013549999999,5784.013549999999,5784.013549999999,5784.013549999999,4965.696818026693,4502.330900000002,0.0,0.0
2026-04-29 00:00:00,2026-04-28 20:00:00,Ridge,16112.797999999999,16471.524197592757,16471.524197592757,850598.2695453843,16112.797999999999,820106.5427499999,30491.726795384428,True,0.0,0.0,358.72619759275767,5784.013549999999,5784.013549999999,5784.013549999999,5784.013549999999,4903.497097592758,4544.7709,0.0,0.0
2026-04-29 01:00:00,2026-04-28 21:00:00,Ridge,15848.425,16067.425368084687,16067.425368084689,816249.8690371986,15848.425,797634.83775,18615.031287198653,True,0.0,0.0,219.0003680846894,5784.013549999999,5784.013549999999,5784.013549999999,5784.013549999999,4499.39826808469,4280.397900000001,0.0,0.0
2026-04-29 02:00:00,2026-04-28 22:00:00,Ridge,15025.429,15543.820074646705,15543.820074646705,771743.4190949699,15025.429,727680.17775,44063.241344969836,True,0.0,0.0,518.3910746467045,5784.013549999999,5784.013549999999,5784.013549999999,5784.013549999999,3975.792974646706,3457.4019000000017,0.0,0.0
2026-04-29 03:00:00,2026-04-28 23:00:00,Ridge,14225.603,14994.372545808774,14994.372545808776,725040.3791437459,14225.603,659694.96775,65345.41139374592,True,0.0,0.0,768.7695458087765,5784.013549999999,5784.013549999999,5784.013549999999,5784.013549999999,3426.345445808777,2657.5759000000007,0.0,0.0
2026-04-29 04:00:00,2026-04-29 00:00:00,Ridge,13647.458999999999,14671.208167879271,14671.208167879271,697571.4070197381,13647.458999999999,610552.72775,87018.67926973815,True,0.0,0.0,1023.7491678792721,5784.013549999999,5784.013549999999,5784.013549999999,5784.013549999999,3103.1810678792726,2079.4319000000014,0.0,0.0
2026-04-29 05:00:00,2026-04-29 01:00:00,Ridge,13315.165,14365.15517846029,14365.155178460293,671556.9029191248,13315.165,582307.7377500001,89249.16516912472,True,0.0,0.0,1049.9901784602916,5784.013549999999,5784.013549999999,5784.013549999999,5784.013549999999,2797.128078460294,1747.1379000000034,0.0,0.0
2026-04-29 06:00:00,2026-04-29 02:00:00,Ridge,13113.658,14193.162193920243,14193.162193920245,656937.4992332208,13113.658,565179.64275,91757.85648322082,True,0.0,0.0,1079.5041939202456,5784.013549999999,5784.013549999999,5784.013549999999,5784.013549999999,2625.1350939202466,1545.630900000002,0.0,0.0
2026-04-29 07:00:00,2026-04-29 03:00:00,Ridge,13058.27,14214.288174434472,14214.288174434474,658733.2075769303,13058.27,560471.6627500001,98261.54482693016,True,0.0,0.0,1156.0181744344736,5784.013549999999,5784.013549999999,5784.013549999999,5784.013549999999,2646.2610744344756,1490.242900000003,0.0,0.0
2026-04-29 08:00:00,2026-04-29 04:00:00,Ridge,13296.514,14368.233125490819,14368.23312549082,671818.5284167198,13296.514,580722.40275,91096.12566671974,True,0.0,0.0,1071.7191254908212,5784.013549999999,5784.013549999999,5784.013549999999,5784.013549999999,2800.206025490822,1728.4869000000017,0.0,0.0
2026-04-29 09:00:00,2026-04-29 05:00:00,Ridge,13746.627,14901.577365936017,14901.577365936017,717152.7888545614,13746.627,618982.0077500001,98170.78110456129,True,0.0,0.0,1154.9503659360162,5784.013549999999,5784.013549999999,5784.013549999999,5784.013549999999,3333.550265936018,2178.599900000003,0.0,0.0
2026-04-29 10:00:00,2026-04-29 06:00:00,Ridge,14594.301,15775.23092465367,15775.230924653672,791413.3413455621,14594.301,691034.2977499999,100379.04359556222,True,0.0,0.0,1180.929924653672,5784.013549999999,5784.013549999999,5784.013549999999,5784.013549999999,4207.203824653673,3026.273900000001,0.0,0.0
2026-04-29 11:00:00,2026-04-29 07:00:00,Ridge,15097.636999999999,16179.169328414151,16179.169328414151,825748.1056652028,15097.636999999999,733817.85775,91930.24791520287,True,0.0,0.0,1081.5323284141523,5784.013549999999,5784.013549999999,5784.013549999999,5784.013549999999,4611.142228414153,3529.6099000000004,0.0,0.0
2026-04-29 12:00:00,2026-04-29 08:00:00,Ridge,15358.349,16202.136313935214,16202.136313935214,827700.2994344933,15358.349000000002,755978.3777500002,71721.92168449308,True,0.0,0.0,843.7873139352141,5784.013549999999,5784.013549999999,5784.013549999999,5784.013549999999,4634.109213935216,3790.3219000000036,0.0,0.0
2026-04-29 13:00:00,2026-04-29 09:00:00,Ridge,15508.0,16396.67514433337,16396.67514433337,844236.1000183364,15508.0,768698.71275,75537.38726833649,True,0.0,0.0,888.6751443333706,5784.013549999999,5784.013549999999,5784.013549999999,5784.013549999999,4828.648044333372,3939.9729000000016,0.0,0.0
2026-04-29 14:00:00,2026-04-29 10:00:00,Ridge,15780.84,16510.314555818935,16510.314555818935,853895.4499946095,15780.84,791890.1127500001,62005.33724460937,True,0.0,0.0,729.4745558189352,5784.013549999999,5784.013549999999,5784.013549999999,5784.013549999999,4942.287455818937,4212.812900000002,0.0,0.0
2026-04-29 15:00:00,2026-04-29 11:00:00,Ridge,15866.213,16573.31608361446,16573.31608361446,859250.579857229,15866.213,799146.8177499999,60103.76210722909,True,0.0,0.0,707.10308361446,5784.013549999999,5784.013549999999,5784.013549999999,5784.013549999999,5005.288983614461,4298.185900000001,0.0,0.0
2026-04-29 16:00:00,2026-04-29 12:00:00,Ridge,15878.939999999999,16698.603613260584,16698.603613260584,869900.0198771497,15878.939999999999,800228.6127499999,69671.40712714987,True,0.0,0.0,819.6636132605854,5784.013549999999,5784.013549999999,5784.013549999999,5784.013549999999,5130.576513260586,4310.9129,0.0,0.0
2026-04-29 17:00:00,2026-04-29 13:00:00,Ridge,15867.851999999999,16775.82703417742,16775.82703417742,876464.0106550807,15867.851999999999,799286.1327499999,77177.8779050808,True,0.0,0.0,907.9750341774197,5784.013549999999,5784.013549999999,5784.013549999999,5784.013549999999,5207.79993417742,4299.8249000000005,0.0,0.0
2026-04-29 18:00:00,2026-04-29 14:00:00,Ridge,15873.892,16810.674898371224,16810.674898371224,879426.0791115541,15873.892,799799.53275,79626.54636155406,True,0.0,0.0,936.7828983712243,5784.013549999999,5784.013549999999,5784.013549999999,5784.013549999999,5242.647798371226,4305.864900000001,0.0,0.0
2026-04-29 19:00:00,2026-04-29 15:00:00,Ridge,15749.343,16837.45940782757,16837.45940782757,881702.7624153434,15749.343,789212.8677500001,92489.89466534334,True,0.0,0.0,1088.1164078275688,5784.013549999999,5784.013549999999,5784.013549999999,5784.013549999999,5269.432307827571,4181.315900000002,0.0,0.0
2026-04-29 20:00:00,2026-04-29 16:00:00,Ridge,15699.368999999999,16873.822904394772,16873.822904394772,884793.6596235556,15699.368999999999,784965.0777499999,99828.58187355567,True,0.0,0.0,1174.4539043947734,5784.013549999999,5784.013549999999,5784.013549999999,5784.013549999999,5305.795804394774,4131.3419,0.0,0.0
2026-04-29 21:00:00,2026-04-29 17:00:00,Ridge,15695.201000000001,17008.00841964844,17008.00841964844,896199.4284201174,15695.201000000001,784610.7977500001,111588.63067011721,True,0.0,0.0,1312.8074196484376,5784.013549999999,5784.013549999999,5784.013549999999,5784.013549999999,5439.98131964844,4127.1739000000025,0.0,0.0
2026-04-29 22:00:00,2026-04-29 18:00:00,Ridge,15668.059000000001,16987.318669932123,16987.318669932123,894440.7996942305,15668.059000000001,782303.7277500001,112137.07194423047,True,0.0,0.0,1319.259669932122,5784.013549999999,5784.013549999999,5784.013549999999,5784.013549999999,5419.291569932125,4100.031900000003,0.0,0.0
2026-04-29 23:00:00,2026-04-29 19:00:00,Ridge,15582.511999999999,16827.697591939614,16827.697591939614,880873.0080648672,15582.511999999999,775032.23275,105840.77531486726,True,0.0,0.0,1245.1855919396148,5784.013549999999,5784.013549999999,5784.013549999999,5784.013549999999,5259.670491939615,4014.4849000000004,0.0,0.0
2026-04-30 00:00:00,2026-04-29 20:00:00,Ridge,15665.467,16800.601594880514,16800.601594880514,878569.8483148437,15665.467,782083.40775,96486.44056484371,True,0.0,0.0,1135.1345948805138,5784.013549999999,5784.013549999999,5784.013549999999,5784.013549999999,5232.574494880516,4097.439900000002,0.0,0.0
2026-04-30 01:00:00,2026-04-29 21:00:00,Ridge,15450.705,16521.22846776942,16521.22846776942,854823.1325104006,15450.705000000002,763828.6377500002,90994.49476040038,True,0.0,0.0,1070.5234677694189,5784.013549999999,5784.013549999999,5784.013549999999,5784.013549999999,4953.20136776942,3882.6779000000033,0.0,0.0
2026-04-30 02:00:00,2026-04-29 22:00:00,Ridge,14761.666000000001,15849.94303100017,15849.94303100017,797763.8703850145,14761.666000000001,705260.32275,92503.5476350144,True,0.0,0.0,1088.2770310001688,5784.013549999999,5784.013549999999,5784.013549999999,5784.013549999999,4281.915931000171,3193.6389000000026,0.0,0.0
2026-04-30 03:00:00,2026-04-29 23:00:00,Ridge,14080.071,15263.214978361224,15263.214978361226,747891.9859107041,14080.071,647324.74775,100567.23816070415,True,0.0,0.0,1183.143978361226,5784.013549999999,5784.013549999999,5784.013549999999,5784.013549999999,3695.1878783612274,2512.0439000000015,0.0,0.0
2026-04-30 04:00:00,2026-04-30 00:00:00,Ridge,13666.523000000001,14071.407341901706,14071.407341901708,646588.3368116452,13666.523000000001,612173.1677500001,34415.16906164505,True,0.0,0.0,404.88434190170665,5784.013549999999,5784.013549999999,5784.013549999999,5784.013549999999,2503.3802419017093,2098.4959000000035,0.0,0.0
2026-04-30 05:00:00,2026-04-30 01:00:00,Ridge,13345.368999999999,13853.079508181778,13853.079508181778,628030.4709454512,13345.368999999999,584875.0777499999,43155.39319545124,True,0.0,0.0,507.710508181779,5784.013549999999,5784.013549999999,5784.013549999999,5784.013549999999,2285.0524081817803,1777.3419000000013,0.0,0.0
2026-04-30 06:00:00,2026-04-30 02:00:00,Ridge,13281.698,13731.11028223456,13731.11028223456,617663.0867399377,13281.698,579463.0427500001,38200.04398993752,True,0.0,0.0,449.4122822345598,5784.013549999999,5784.013549999999,5784.013549999999,5784.013549999999,2163.0831822345626,1713.6709000000028,0.0,0.0
2026-04-30 07:00:00,2026-04-30 03:00:00,Ridge,13228.856,13740.912008676627,13740.912008676627,618496.2334875134,13228.856,574971.4727500001,43524.76073751331,True,0.0,0.0,512.0560086766272,5784.013549999999,5784.013549999999,5784.013549999999,5784.013549999999,2172.8849086766295,1660.8289000000022,0.0,0.0
2026-04-30 08:00:00,2026-04-30 04:00:00,Ridge,13515.606,13965.825066074183,13965.825066074183,637613.8433663057,13515.606,599345.2227500001,38268.62061630562,True,0.0,0.0,450.2190660741835,5784.013549999999,5784.013549999999,5784.013549999999,5784.013549999999,2397.7979660741858,1947.5789000000022,0.0,0.0
2026-04-30 09:00:00,2026-04-30 05:00:00,Ridge,14045.469000000001,14343.865798261357,14343.865798261359,669747.3056022155,14045.469000000001,644383.57775,25363.72785221541,True,0.0,0.0,298.3967982613576,5784.013549999999,5784.013549999999,5784.013549999999,5784.013549999999,2775.83869826136,2477.4419000000025,0.0,0.0
2026-04-30 10:00:00,2026-04-30 06:00:00,Ridge,15025.395,15047.75299070153,15047.75299070153,729577.7169596301,15025.395,727677.28775,1900.4292096301215,True,0.0,0.0,22.35799070153007,5784.013549999999,5784.013549999999,5784.013549999999,5784.013549999999,3479.725890701532,3457.367900000002,0.0,0.0
2026-04-30 11:00:00,2026-04-30 07:00:00,Ridge,15519.306,15464.141827776239,15464.141827776239,764970.7681109803,15519.306,769659.7227500001,-4688.954639019794,True,0.0,55.16417222376185,0.0,5784.013549999999,5784.013549999999,5784.013549999999,5784.013549999999,3896.11472777624,3951.278900000002,0.0,0.0
2026-04-30 12:00:00,2026-04-30 08:00:00,Ridge,15776.244999999999,15711.97108151343,15711.971081513431,786036.2546786417,15776.244999999999,791499.5377499999,-5463.2830713582225,True,0.0,64.27391848656771,0.0,5784.013549999999,5784.013549999999,5784.013549999999,5784.013549999999,4143.943981513433,4208.217900000001,0.0,0.0
2026-04-30 13:00:00,2026-04-30 09:00:00,Ridge,15703.474999999999,15920.662808775112,15920.662808775112,803775.0514958845,15703.474999999999,785314.08775,18460.963745884597,True,0.0,0.0,217.1878087751138,5784.013549999999,5784.013549999999,5784.013549999999,5784.013549999999,4352.635708775114,4135.4479,0.0,0.0
2026-04-30 14:00:00,2026-04-30 10:00:00,Ridge,15722.714,16203.40496186171,16203.40496186171,827808.1345082454,15722.714,786949.40275,40858.73175824538,True,0.0,0.0,480.6909618617101,5784.013549999999,5784.013549999999,5784.013549999999,5784.013549999999,4635.377861861712,4154.6869000000015,0.0,0.0
2026-04-30 15:00:00,2026-04-30 11:00:00,Ridge,15600.293,16317.992450436159,16317.992450436159,837548.0710370735,15600.293000000001,776543.6177500002,61004.453287073295,True,0.0,0.0,717.6994504361592,5784.013549999999,5784.013549999999,5784.013549999999,5784.013549999999,4749.96535043616,4032.265900000003,0.0,0.0
2026-04-30 16:00:00,2026-04-30 12:00:00,Ridge,15531.491,16367.562404853888,16367.562404853888,841761.5171625805,15531.491000000002,770695.4477500002,71066.06941258034,True,0.0,0.0,836.0714048538885,5784.013549999999,5784.013549999999,5784.013549999999,5784.013549999999,4799.53530485389,3963.4639000000034,0.0,0.0
2026-04-30 17:00:00,2026-04-30 13:00:00,Ridge,15394.819,16371.426514984189,16371.426514984189,842089.966523656,15394.819,759078.3277499999,83011.6387736561,True,0.0,0.0,976.607514984189,5784.013549999999,5784.013549999999,5784.013549999999,5784.013549999999,4803.39941498419,3826.791900000001,0.0,0.0
2026-04-30 18:00:00,2026-04-30 14:00:00,Ridge,15169.086,16360.226660101076,16360.226660101078,841137.9788585916,15169.086,739891.02275,101246.95610859164,True,0.0,0.0,1191.1406601010785,5784.013549999999,5784.013549999999,5784.013549999999,5784.013549999999,4792.199560101079,3601.058900000001,0.0,0.0
2026-04-30 19:00:00,2026-04-30 15:00:00,Ridge,15027.407,16240.413231220513,16240.413231220515,830953.8374037438,15027.407,727848.3077499999,103105.52965374384,True,0.0,0.0,1213.0062312205155,5784.013549999999,5784.013549999999,5784.013549999999,5784.013549999999,4672.386131220516,3459.379900000001,0.0,0.0
2026-04-30 20:00:00,2026-04-30 16:00:00,Ridge,14989.095000000001,16172.09756748959,16172.097567489593,825147.0059866153,14989.095000000001,724591.7877500001,100555.21823661518,True,0.0,0.0,1183.0025674895915,5784.013549999999,5784.013549999999,5784.013549999999,5784.013549999999,4604.070467489594,3421.0679000000027,0.0,0.0
2026-04-30 21:00:00,2026-04-30 17:00:00,Ridge,15004.096000000001,16149.127483473305,16149.127483473305,823194.5488452308,15004.096000000001,725866.8727500001,97327.67609523074,True,0.0,0.0,1145.0314834733035,5784.013549999999,5784.013549999999,5784.013549999999,5784.013549999999,4581.1003834733065,3436.068900000003,0.0,0.0
2026-04-30 22:00:00,2026-04-30 18:00:00,Ridge,15028.399000000001,16122.381682307634,16122.381682307634,820921.1557461489,15028.399000000001,727932.6277500001,92988.5279961488,True,0.0,0.0,1093.9826823076328,5784.013549999999,5784.013549999999,5784.013549999999,5784.013549999999,4554.354582307636,3460.371900000003,0.0,0.0
2026-04-30 23:00:00,2026-04-30 19:00:00,Ridge,15204.112,16015.827875615738,16015.827875615738,811864.0821773377,15204.112000000001,742868.2327500001,68995.84942733764,True,0.0,0.0,811.7158756157387,5784.013549999999,5784.013549999999,5784.013549999999,5784.013549999999,4447.800775615739,3636.0849000000026,0.0,0.0
2026-05-01 00:00:00,2026-04-30 20:00:00,Ridge,15396.571,16069.492201086576,16069.492201086578,816425.549842359,15396.571,759227.24775,57198.30209235905,True,0.0,0.0,672.9212010865776,5784.013549999999,5784.013549999999,5784.013549999999,5784.013549999999,4501.465101086579,3828.5439000000015,0.0,0.0
2026-05-01 01:00:00,2026-04-30 21:00:00,Ridge,15460.911,15891.968613743848,15891.968613743848,801336.044918227,15460.911,764696.14775,36639.897168227006,True,0.0,0.0,431.05761374384747,5784.013549999999,5784.013549999999,5784.013549999999,5784.013549999999,4323.941513743849,3892.8839000000016,0.0,0.0
2026-05-01 02:00:00,2026-04-30 22:00:00,Ridge,14901.529999999999,15333.080174750421,15333.080174750423,753830.527603786,14901.529999999999,717148.7627499999,36681.764853786095,True,0.0,0.0,431.55017475042405,5784.013549999999,5784.013549999999,5784.013549999999,5784.013549999999,3765.0530747504245,3333.5029000000004,0.0,0.0
2026-05-01 03:00:00,2026-04-30 23:00:00,Ridge,14422.871,14834.714448077462,14834.714448077462,711469.4408365843,14422.871,676462.7477499999,35006.69308658445,True,0.0,0.0,411.8434480774631,5784.013549999999,5784.013549999999,5784.013549999999,5784.013549999999,3266.687348077464,2854.8439000000008,0.0,0.0
